predictor,importance,Total,importance_stnd,species
effort_distance_km,18659.317979522493,219854.43723731805,8.487123668730423,American Kestrel
effort_speed_kmph,16163.265783274435,219854.43723731805,7.35180330512378,American Kestrel
elevation_mean,13727.533510413015,219854.43723731805,6.24391924170949,American Kestrel
day_of_year,13230.3013937798,219854.43723731805,6.017755001914553,American Kestrel
effort_hours,12820.334013441952,219854.43723731805,5.831282813547795,American Kestrel
ALAN_mean,11482.22997525929,219854.43723731805,5.222651004703169,American Kestrel
hours_of_day,9919.704604202734,219854.43723731805,4.51194195980456,American Kestrel
roads_secondary_mean,9886.28005946878,219854.43723731805,4.496738925854476,American Kestrel
roads_primary_mean,7510.413827201272,219854.43723731805,3.416084715676803,American Kestrel
roads_local_mean,7390.657176197521,219854.43723731805,3.3616138337111683,American Kestrel
pland_LCCS1_c31_dense_herbaceous,5812.396758491947,219854.43723731805,2.6437477594404233,American Kestrel
pland_LCCS1_c21_open_forest,5614.923268374405,219854.43723731805,2.553927652737558,American Kestrel
year,5395.754332636114,219854.43723731805,2.454239450628763,American Kestrel
roads_highways_mean,5379.694102532789,219854.43723731805,2.446934512732063,American Kestrel
roads_tertiary_mean,5315.5749257210655,219854.43723731805,2.417770135784551,American Kestrel
ed_LCCS1_c21_open_forest,5100.1747282054685,219854.43723731805,2.3197961307008663,American Kestrel
pland_LCCS1_c22_sparse_forest,4955.254633786354,219854.43723731805,2.2538797470061933,American Kestrel
ed_LCCS1_c22_sparse_forest,4694.0433005864315,219854.43723731805,2.135068711631018,American Kestrel
ed_LCCS1_c31_dense_herbaceous,4410.546581167933,219854.43723731805,2.006121248490903,American Kestrel
pland_ASTWBD_c03_lake,3376.3975432692355,219854.43723731805,1.5357422782532433,American Kestrel
ed_ASTWBD_c03_lake,3318.5269293789206,219854.43723731805,1.5094200376755618,American Kestrel
pland_LCCS1_c14_deciduous_broadleaf,3181.875217277889,219854.43723731805,1.447264497938365,American Kestrel
pland_LCCS2_c36_herbaceous_cropland,3121.2862890549104,219854.43723731805,1.4197058418637656,American Kestrel
ed_LCCS1_c14_deciduous_broadleaf,2787.123474687217,219854.43723731805,1.267713087672961,American Kestrel
number_observers,2693.5114903020312,219854.43723731805,1.2251340132810544,American Kestrel
ed_LCCS2_c36_herbaceous_cropland,2668.421614637132,219854.43723731805,1.2137219735787048,American Kestrel
pland_ASTWBD_c01_ocean,2093.8881005994967,219854.43723731805,0.9523974712137766,American Kestrel
ed_ASTWBD_c01_ocean,1890.3010080063432,219854.43723731805,0.859796614414423,American Kestrel
pland_LCCS2_c25_forest_cropland_mosaic,1876.7927290544296,219854.43723731805,0.8536524223200272,American Kestrel
ed_LCCS2_c25_forest_cropland_mosaic,1806.069284877531,219854.43723731805,0.8214841181158425,American Kestrel
pland_LCCS1_c15_mixed_broadleaf_needleleaf,1709.8031869800525,219854.43723731805,0.7776978297392447,American Kestrel
pland_LCCS1_c32_sparse_herbaceous,1619.8752069205102,219854.43723731805,0.7367944114641471,American Kestrel
pland_LCCS1_c11_evergreen_needleleaf,1578.178929026339,219854.43723731805,0.7178290094380952,American Kestrel
ed_LCCS1_c32_sparse_herbaceous,1547.724961225539,219854.43723731805,0.7039771317214188,American Kestrel
ed_LCCS1_c15_mixed_broadleaf_needleleaf,1516.6957592813335,219854.43723731805,0.68986361082363,American Kestrel
ed_LCCS1_c11_evergreen_needleleaf,1370.3146108283404,219854.43723731805,0.6232826719567993,American Kestrel
pland_LCCS1_c12_evergreen_broadleaf,1362.088434713714,219854.43723731805,0.6195410253391571,American Kestrel
pland_ASTWBD_c02_river,1322.7434133444758,219854.43723731805,0.6016450838864186,American Kestrel
ed_ASTWBD_c02_river,1279.364228243994,219854.43723731805,0.5819142175706951,American Kestrel
pland_LCCS1_c43_sparse_shrubland,1180.4860714648516,219854.43723731805,0.5369398436068845,American Kestrel
ed_LCCS1_c12_evergreen_broadleaf,985.178326732676,219854.43723731805,0.44810481840275185,American Kestrel
ed_LCCS3_c50_herbaceous_wetland,970.0784441838013,219854.43723731805,0.4412366911369939,American Kestrel
pland_LCCS3_c50_herbaceous_wetland,967.006885161319,219854.43723731805,0.43983960356347057,American Kestrel
ed_LCCS1_c43_sparse_shrubland,828.9333839247114,219854.43723731805,0.3770373681518802,American Kestrel
pland_LCCS1_c01_barren,787.2742453540963,219854.43723731805,0.35808885881356434,American Kestrel
ed_LCCS1_c01_barren,685.8945774994972,219854.43723731805,0.3119766815345738,American Kestrel
pland_LCCS3_c27_woody_wetland,551.2917501096354,219854.43723731805,0.2507530696387779,American Kestrel
ed_LCCS3_c27_woody_wetland,542.118355617177,219854.43723731805,0.24658058414895523,American Kestrel
pland_LCCS1_c42_shrubland_grassland_mosaic,456.30851330999326,219854.43723731805,0.2075502860183072,American Kestrel
ed_LCCS1_c42_shrubland_grassland_mosaic,428.04146061627927,219854.43723731805,0.1946931187721435,American Kestrel
ed_LCCS1_c41_dense_shrubland,362.59608962174536,219854.43723731805,0.1649255271706649,American Kestrel
pland_LCCS1_c41_dense_shrubland,359.4149268575266,219854.43723731805,0.1634785867294379,American Kestrel
ed_LCCS1_c16_mixed_broadleaf_evergreen_deciduous,251.12456649739732,219854.43723731805,0.1142231058208415,American Kestrel
pland_LCCS3_c51_tundra,248.51954091731164,219854.43723731805,0.11303821930555422,American Kestrel
ed_LCCS3_c51_tundra,247.08009420486377,219854.43723731805,0.11238349214583168,American Kestrel
pland_LCCS1_c16_mixed_broadleaf_evergreen_deciduous,245.22184205009708,219854.43723731805,0.11153827283703928,American Kestrel
ed_LCCS1_c13_deciduous_needleleaf,56.84186307325589,219854.43723731805,0.02585431696877644,American Kestrel
pland_LCCS1_c13_deciduous_needleleaf,55.55941849829048,219854.43723731805,0.02527100166657898,American Kestrel
pland_LCCS1_c02_permanent_snow_ice,20.685882264197257,219854.43723731805,0.00940889914442265,American Kestrel
ed_LCCS1_c02_permanent_snow_ice,19.81413211429336,219854.43723731805,0.00901238672426944,American Kestrel
ed_LCCS2_c35_natural_herbaceous_cropland_mosaic,7.815074251284115,219854.43723731805,0.0035546584137614,American Kestrel
pland_LCCS2_c35_natural_herbaceous_cropland_mosaic,7.768427020513321,219854.43723731805,0.00353344108862712,American Kestrel
effort_hours,4.177089147433227,42.1551433602029,9.908848160570274,Banded Kestrel
effort_distance_km,4.1287795866104,42.1551433602029,9.794248714400592,Banded Kestrel
roads_tertiary_mean,3.2583905860693565,42.1551433602029,7.729520827926971,Banded Kestrel
hours_of_day,2.412933511460516,42.1551433602029,5.723936201195502,Banded Kestrel
effort_speed_kmph,2.4092866163439184,42.1551433602029,5.715285073893109,Banded Kestrel
elevation_mean,2.260479208751541,42.1551433602029,5.36228566330906,Banded Kestrel
year,1.9503538921290144,42.1551433602029,4.626609558562836,Banded Kestrel
pland_LCCS1_c22_sparse_forest,1.6714016091086925,42.1551433602029,3.964881805351895,Banded Kestrel
pland_LCCS1_c31_dense_herbaceous,1.4943157225453385,42.1551433602029,3.5448004761290086,Banded Kestrel
ed_LCCS1_c31_dense_herbaceous,1.4560463665649384,42.1551433602029,3.454018301215261,Banded Kestrel
ed_LCCS1_c22_sparse_forest,1.417759278330792,42.1551433602029,3.3631940620305083,Banded Kestrel
pland_LCCS1_c12_evergreen_broadleaf,1.3495806946740136,42.1551433602029,3.201461523075029,Banded Kestrel
pland_LCCS1_c14_deciduous_broadleaf,1.2674235792271291,42.1551433602029,3.0065692539517177,Banded Kestrel
day_of_year,1.2502027736720782,42.1551433602029,2.965718235114219,Banded Kestrel
ed_LCCS1_c21_open_forest,1.0516448576439017,42.1551433602029,2.4947011771681464,Banded Kestrel
number_observers,1.0081981944489815,42.1551433602029,2.39163744702333,Banded Kestrel
ALAN_mean,1.005503623359586,42.1551433602029,2.3852454130397867,Banded Kestrel
pland_LCCS1_c21_open_forest,0.930693806753598,42.1551433602029,2.207782331093272,Banded Kestrel
roads_primary_mean,0.8869470953436949,42.1551433602029,2.104006829641169,Banded Kestrel
ed_LCCS1_c42_shrubland_grassland_mosaic,0.8777008507476896,42.1551433602029,2.0820729827627495,Banded Kestrel
pland_LCCS1_c42_shrubland_grassland_mosaic,0.8410416077984842,42.1551433602029,1.9951103015165648,Banded Kestrel
roads_secondary_mean,0.8084914836396544,42.1551433602029,1.917895229845004,Banded Kestrel
ed_LCCS1_c14_deciduous_broadleaf,0.6392827942454408,42.1551433602029,1.5165001071944255,Banded Kestrel
ed_LCCS1_c12_evergreen_broadleaf,0.5607034486476323,42.1551433602029,1.3300949871207688,Banded Kestrel
pland_ASTWBD_c01_ocean,0.49024448874133086,42.1551433602029,1.1629529629453292,Banded Kestrel
ed_LCCS1_c41_dense_shrubland,0.4842602609086916,42.1551433602029,1.1487572388755385,Banded Kestrel
ed_ASTWBD_c01_ocean,0.4628915306731457,42.1551433602029,1.0980665555277045,Banded Kestrel
pland_LCCS1_c41_dense_shrubland,0.3606054392700073,42.1551433602029,0.855424535480151,Banded Kestrel
pland_ASTWBD_c02_river,0.20979212517124424,42.1551433602029,0.4976667339940805,Banded Kestrel
pland_ASTWBD_c03_lake,0.1993627913621111,42.1551433602029,0.4729263749825652,Banded Kestrel
ed_ASTWBD_c02_river,0.19340573104109943,42.1551433602029,0.4587950974060418,Banded Kestrel
ed_ASTWBD_c03_lake,0.18452461871979547,42.1551433602029,0.43772741357582073,Banded Kestrel
ed_LCCS1_c43_sparse_shrubland,0.09745372526400668,42.1551433602029,0.2311787305081475,Banded Kestrel
ed_LCCS1_c32_sparse_herbaceous,0.08550749776659514,42.1551433602029,0.2028400118010738,Banded Kestrel
pland_LCCS1_c43_sparse_shrubland,0.06470399331858065,42.1551433602029,0.15349015128641522,Banded Kestrel
ed_LCCS3_c50_herbaceous_wetland,0.05252501411295807,42.1551433602029,0.12459930135724548,Banded Kestrel
pland_LCCS3_c50_herbaceous_wetland,0.0405692682398973,42.1551433602029,0.09623800325679176,Banded Kestrel
pland_LCCS1_c32_sparse_herbaceous,0.03499034021777125,42.1551433602029,0.0830037272528987,Banded Kestrel
ed_LCCS1_c16_mixed_broadleaf_evergreen_deciduous,0.02036343684055723,42.1551433602029,0.04830593663638585,Banded Kestrel
roads_local_mean,0.01660288173814375,42.1551433602029,0.03938518627792858,Banded Kestrel
pland_LCCS1_c16_mixed_broadleaf_evergreen_deciduous,0.01278020339875178,42.1551433602029,0.03031706781198399,Banded Kestrel
pland_LCCS2_c36_herbaceous_cropland,0.01103074481003379,42.1551433602029,0.02616702003781468,Banded Kestrel
pland_LCCS3_c27_woody_wetland,0.01053050371012635,42.1551433602029,0.02498035321608658,Banded Kestrel
ed_LCCS1_c01_barren,0.00328205128205127,42.1551433602029,0.00778564848898068,Banded Kestrel
ed_LCCS2_c36_herbaceous_cropland,0.00279653679653679,42.1551433602029,0.00663391599132099,Banded Kestrel
ed_LCCS3_c27_woody_wetland,0.00266984126984127,42.1551433602029,0.00633337015848407,Banded Kestrel
pland_LCCS1_c01_barren,0,42.1551433602029,0,Banded Kestrel
pland_LCCS1_c02_permanent_snow_ice,0,42.1551433602029,0,Banded Kestrel
ed_LCCS1_c02_permanent_snow_ice,0,42.1551433602029,0,Banded Kestrel
pland_LCCS1_c11_evergreen_needleleaf,0,42.1551433602029,0,Banded Kestrel
ed_LCCS1_c11_evergreen_needleleaf,0,42.1551433602029,0,Banded Kestrel
pland_LCCS1_c13_deciduous_needleleaf,0,42.1551433602029,0,Banded Kestrel
ed_LCCS1_c13_deciduous_needleleaf,0,42.1551433602029,0,Banded Kestrel
pland_LCCS1_c15_mixed_broadleaf_needleleaf,0,42.1551433602029,0,Banded Kestrel
ed_LCCS1_c15_mixed_broadleaf_needleleaf,0,42.1551433602029,0,Banded Kestrel
pland_LCCS2_c25_forest_cropland_mosaic,0,42.1551433602029,0,Banded Kestrel
ed_LCCS2_c25_forest_cropland_mosaic,0,42.1551433602029,0,Banded Kestrel
pland_LCCS2_c35_natural_herbaceous_cropland_mosaic,0,42.1551433602029,0,Banded Kestrel
ed_LCCS2_c35_natural_herbaceous_cropland_mosaic,0,42.1551433602029,0,Banded Kestrel
pland_LCCS3_c51_tundra,0,42.1551433602029,0,Banded Kestrel
ed_LCCS3_c51_tundra,0,42.1551433602029,0,Banded Kestrel
roads_highways_mean,0,42.1551433602029,0,Banded Kestrel
effort_hours,23.654672500190973,211.9235997038351,11.161886893790292,Dickinsons Kestrel
elevation_mean,20.92820939197216,211.9235997038351,9.875355751421502,Dickinsons Kestrel
ALAN_mean,16.256536951282445,211.9235997038351,7.670942251830888,Dickinsons Kestrel
roads_secondary_mean,14.27880671585384,211.9235997038351,6.737714315823526,Dickinsons Kestrel
effort_distance_km,12.11646057050927,211.9235997038351,5.717372009272266,Dickinsons Kestrel
effort_speed_kmph,10.00124696253275,211.9235997038351,4.719270046615654,Dickinsons Kestrel
roads_tertiary_mean,9.704905219902455,211.9235997038351,4.579435812465029,Dickinsons Kestrel
hours_of_day,9.246621813025468,211.9235997038351,4.363186462455194,Dickinsons Kestrel
roads_primary_mean,8.734651776706153,211.9235997038351,4.121604101153858,Dickinsons Kestrel
day_of_year,8.582015243617809,211.9235997038351,4.049579780454486,Dickinsons Kestrel
pland_LCCS1_c22_sparse_forest,7.568305950896012,211.9235997038351,3.5712426371922614,Dickinsons Kestrel
ed_LCCS1_c31_dense_herbaceous,7.195699764616005,211.9235997038351,3.3954216400023647,Dickinsons Kestrel
ed_LCCS1_c22_sparse_forest,7.1400655035323775,211.9235997038351,3.3691696033432215,Dickinsons Kestrel
pland_LCCS1_c31_dense_herbaceous,6.344672690423501,211.9235997038351,2.9938490565893705,Dickinsons Kestrel
year,4.662414601519109,211.9235997038351,2.2000450200142274,Dickinsons Kestrel
number_observers,4.082393817886423,211.9235997038351,1.926351677487359,Dickinsons Kestrel
pland_ASTWBD_c02_river,4.078367119994253,211.9235997038351,1.924451606944108,Dickinsons Kestrel
ed_LCCS3_c50_herbaceous_wetland,3.2602580897230715,211.9235997038351,1.5384120004941912,Dickinsons Kestrel
ed_ASTWBD_c02_river,3.0738930154899013,211.9235997038351,1.4504722549945788,Dickinsons Kestrel
ed_ASTWBD_c01_ocean,2.877407072414704,211.9235997038351,1.357756793691643,Dickinsons Kestrel
pland_LCCS3_c50_herbaceous_wetland,2.780605461429816,211.9235997038351,1.3120791951985216,Dickinsons Kestrel
pland_ASTWBD_c01_ocean,2.54806811026427,211.9235997038351,1.2023522221334553,Dickinsons Kestrel
ed_LCCS1_c21_open_forest,2.1549650304703785,211.9235997038351,1.0168593934238372,Dickinsons Kestrel
pland_LCCS1_c21_open_forest,2.0985955370612164,211.9235997038351,0.9902604240367852,Dickinsons Kestrel
pland_ASTWBD_c03_lake,2.05988528951155,211.9235997038351,0.9719942905793671,Dickinsons Kestrel
ed_ASTWBD_c03_lake,1.9443995959402691,211.9235997038351,0.9175002683314094,Dickinsons Kestrel
roads_local_mean,1.6284594658513194,211.9235997038351,0.7684181790641083,Dickinsons Kestrel
pland_LCCS2_c36_herbaceous_cropland,1.4786504318509597,211.9235997038351,0.697728065169422,Dickinsons Kestrel
ed_LCCS2_c36_herbaceous_cropland,1.4747191623141132,211.9235997038351,0.6958730242290357,Dickinsons Kestrel
pland_LCCS1_c12_evergreen_broadleaf,1.142835485314517,211.9235997038351,0.5392676827458758,Dickinsons Kestrel
pland_LCCS1_c14_deciduous_broadleaf,0.956342976255392,211.9235997038351,0.4512678048088504,Dickinsons Kestrel
ed_LCCS1_c12_evergreen_broadleaf,0.8664592356059664,211.9235997038351,0.40885452909296077,Dickinsons Kestrel
ed_LCCS1_c42_shrubland_grassland_mosaic,0.8548265406341509,211.9235997038351,0.4033654306687777,Dickinsons Kestrel
pland_LCCS1_c41_dense_shrubland,0.851920947861406,211.9235997038351,0.401994373940407,Dickinsons Kestrel
ed_LCCS1_c14_deciduous_broadleaf,0.834415016141131,211.9235997038351,0.39373388207223387,Dickinsons Kestrel
pland_LCCS1_c42_shrubland_grassland_mosaic,0.7890024312849895,211.9235997038351,0.37230512901235474,Dickinsons Kestrel
ed_LCCS1_c41_dense_shrubland,0.7079276167419575,211.9235997038351,0.3340485050892359,Dickinsons Kestrel
ed_LCCS1_c16_mixed_broadleaf_evergreen_deciduous,0.6272003929714081,211.9235997038351,0.29595589818591495,Dickinsons Kestrel
pland_LCCS1_c16_mixed_broadleaf_evergreen_deciduous,0.5955366171576484,211.9235997038351,0.281014770412505,Dickinsons Kestrel
ed_LCCS3_c27_woody_wetland,0.4554351769999111,211.9235997038351,0.21490536100575175,Dickinsons Kestrel
pland_LCCS3_c27_woody_wetland,0.344770154194779,211.9235997038351,0.162686059823728,Dickinsons Kestrel
ed_LCCS1_c32_sparse_herbaceous,0.30094011599353565,211.9235997038351,0.1420040601490829,Dickinsons Kestrel
pland_LCCS1_c32_sparse_herbaceous,0.22507865071860728,211.9235997038351,0.10620744977584208,Dickinsons Kestrel
ed_LCCS2_c25_forest_cropland_mosaic,0.1416385923256606,211.9235997038351,0.06683474257874142,Dickinsons Kestrel
pland_LCCS2_c25_forest_cropland_mosaic,0.1044130527141677,211.9235997038351,0.04926919553088272,Dickinsons Kestrel
roads_highways_mean,0.04449688314116638,211.9235997038351,0.02099666257243229,Dickinsons Kestrel
ed_LCCS1_c43_sparse_shrubland,0.04086272414074054,211.9235997038351,0.01928181863551134,Dickinsons Kestrel
pland_LCCS1_c01_barren,0.03523097000014907,211.9235997038351,0.01662437314644741,Dickinsons Kestrel
pland_LCCS1_c43_sparse_shrubland,0.03270567887158367,211.9235997038351,0.01543276865686035,Dickinsons Kestrel
ed_LCCS1_c01_barren,0.01249314169649601,211.9235997038351,0.0058951158407819,Dickinsons Kestrel
pland_LCCS1_c11_evergreen_needleleaf,0.00242874458874458,211.9235997038351,0.00114604725105593,Dickinsons Kestrel
ed_LCCS1_c11_evergreen_needleleaf,5.045422781271825e-4,211.9235997038351,2.3807743867709132e-4,Dickinsons Kestrel
pland_LCCS2_c35_natural_herbaceous_cropland_mosaic,1.8115942028985895e-4,211.9235997038351,8.548336312851929e-5,Dickinsons Kestrel
pland_LCCS1_c02_permanent_snow_ice,0,211.9235997038351,0,Dickinsons Kestrel
ed_LCCS1_c02_permanent_snow_ice,0,211.9235997038351,0,Dickinsons Kestrel
pland_LCCS1_c13_deciduous_needleleaf,0,211.9235997038351,0,Dickinsons Kestrel
ed_LCCS1_c13_deciduous_needleleaf,0,211.9235997038351,0,Dickinsons Kestrel
pland_LCCS1_c15_mixed_broadleaf_needleleaf,0,211.9235997038351,0,Dickinsons Kestrel
ed_LCCS1_c15_mixed_broadleaf_needleleaf,0,211.9235997038351,0,Dickinsons Kestrel
ed_LCCS2_c35_natural_herbaceous_cropland_mosaic,0,211.9235997038351,0,Dickinsons Kestrel
pland_LCCS3_c51_tundra,0,211.9235997038351,0,Dickinsons Kestrel
ed_LCCS3_c51_tundra,0,211.9235997038351,0,Dickinsons Kestrel
effort_hours,23978.891837377218,256443.21848395368,9.35056578182731,Eurasian Kestrel
effort_distance_km,15372.795553470894,256443.21848395368,5.9946196449850015,Eurasian Kestrel
roads_local_mean,15067.921578108477,256443.21848395368,5.8757340775815114,Eurasian Kestrel
elevation_mean,13760.68911822014,256443.21848395368,5.365978948311001,Eurasian Kestrel
ALAN_mean,12796.67378617808,256443.21848395368,4.990061293813781,Eurasian Kestrel
roads_tertiary_mean,12634.800645815749,256443.21848395368,4.926938883590068,Eurasian Kestrel
day_of_year,11983.310544961916,256443.21848395368,4.672890402719595,Eurasian Kestrel
hours_of_day,11946.443465119786,256443.21848395368,4.658514089686215,Eurasian Kestrel
roads_primary_mean,11768.723820477466,256443.21848395368,4.589212337160659,Eurasian Kestrel
roads_secondary_mean,11643.718666729985,256443.21848395368,4.540466593566234,Eurasian Kestrel
effort_speed_kmph,10667.909059904923,256443.21848395368,4.15994976313731,Eurasian Kestrel
roads_highways_mean,9149.681602821858,256443.21848395368,3.567917161901623,Eurasian Kestrel
pland_LCCS1_c22_sparse_forest,5956.033309477443,256443.21848395368,2.322554421477177,Eurasian Kestrel
pland_LCCS1_c31_dense_herbaceous,5937.218582796768,256443.21848395368,2.3152176212327,Eurasian Kestrel
year,5693.295576731258,256443.21848395368,2.220099876451793,Eurasian Kestrel
ed_LCCS1_c22_sparse_forest,5305.751222768283,256443.21848395368,2.068977005566742,Eurasian Kestrel
ed_LCCS1_c31_dense_herbaceous,5289.946495416631,256443.21848395368,2.0628139541727193,Eurasian Kestrel
pland_LCCS2_c36_herbaceous_cropland,4718.793825971911,256443.21848395368,1.8400930443271513,Eurasian Kestrel
ed_LCCS2_c36_herbaceous_cropland,4252.935725623538,256443.21848395368,1.6584317381314009,Eurasian Kestrel
pland_LCCS1_c21_open_forest,3985.1891578883105,256443.21848395368,1.554023998547528,Eurasian Kestrel
ed_LCCS1_c21_open_forest,3376.1435790244273,256443.21848395368,1.3165267535572134,Eurasian Kestrel
pland_ASTWBD_c01_ocean,3205.848068191267,256443.21848395368,1.2501200410537918,Eurasian Kestrel
pland_LCCS1_c12_evergreen_broadleaf,3196.0777314866255,256443.21848395368,1.2463100995149194,Eurasian Kestrel
ed_ASTWBD_c01_ocean,3116.687941130518,256443.21848395368,1.2153520609965116,Eurasian Kestrel
number_observers,3065.7925100509674,256443.21848395368,1.195505394205931,Eurasian Kestrel
pland_ASTWBD_c03_lake,2921.6790561377643,256443.21848395368,1.139308371424367,Eurasian Kestrel
ed_ASTWBD_c03_lake,2881.1910776053537,256443.21848395368,1.1235200894133364,Eurasian Kestrel
pland_LCCS2_c25_forest_cropland_mosaic,2647.066194037657,256443.21848395368,1.0322231212377686,Eurasian Kestrel
ed_LCCS2_c25_forest_cropland_mosaic,2434.128035775131,256443.21848395368,0.9491879138646204,Eurasian Kestrel
pland_LCCS1_c15_mixed_broadleaf_needleleaf,2163.2798934809575,256443.21848395368,0.8435707156811868,Eurasian Kestrel
ed_LCCS1_c15_mixed_broadleaf_needleleaf,2078.2699705239925,256443.21848395368,0.8104211071793405,Eurasian Kestrel
ed_LCCS1_c12_evergreen_broadleaf,1864.78109570218,256443.21848395368,0.7271711479548694,Eurasian Kestrel
pland_LCCS1_c43_sparse_shrubland,1699.928820233153,256443.21848395368,0.6628870243802223,Eurasian Kestrel
pland_LCCS1_c32_sparse_herbaceous,1598.836976604078,256443.21848395368,0.6234662729847626,Eurasian Kestrel
ed_LCCS1_c32_sparse_herbaceous,1573.70191981704,256443.21848395368,0.6136648608298101,Eurasian Kestrel
pland_LCCS1_c11_evergreen_needleleaf,1496.217994343116,256443.21848395368,0.5834500140766008,Eurasian Kestrel
ed_LCCS1_c43_sparse_shrubland,1483.3627586177663,256443.21848395368,0.578437116562154,Eurasian Kestrel
pland_LCCS1_c14_deciduous_broadleaf,1411.3755797224385,256443.21848395368,0.5503657254289029,Eurasian Kestrel
ed_LCCS1_c11_evergreen_needleleaf,1408.6935865781095,256443.21848395368,0.5493198825479003,Eurasian Kestrel
pland_LCCS1_c01_barren,1359.4593984952276,256443.21848395368,0.5301210172497863,Eurasian Kestrel
ed_LCCS1_c14_deciduous_broadleaf,1309.0138499680718,256443.21848395368,0.510449782102536,Eurasian Kestrel
pland_ASTWBD_c02_river,1096.9425361992774,256443.21848395368,0.4277526006280083,Eurasian Kestrel
ed_ASTWBD_c02_river,1084.1363093001685,256443.21848395368,0.42275881409903826,Eurasian Kestrel
ed_LCCS3_c50_herbaceous_wetland,936.0654418128224,256443.21848395368,0.36501859840422896,Eurasian Kestrel
pland_LCCS3_c50_herbaceous_wetland,917.2515204562078,256443.21848395368,0.35768211219576573,Eurasian Kestrel
ed_LCCS1_c01_barren,764.6194616111899,256443.21848395368,0.2981632605188326,Eurasian Kestrel
pland_LCCS1_c16_mixed_broadleaf_evergreen_deciduous,645.1906639458423,256443.21848395368,0.2515920162600102,Eurasian Kestrel
ed_LCCS1_c16_mixed_broadleaf_evergreen_deciduous,581.4411121059436,256443.21848395368,0.22673288673544156,Eurasian Kestrel
ed_LCCS3_c27_woody_wetland,435.782704656834,256443.21848395368,0.16993340952164898,Eurasian Kestrel
pland_LCCS3_c27_woody_wetland,420.15745121606807,256443.21848395368,0.1638403439560475,Eurasian Kestrel
ed_LCCS1_c42_shrubland_grassland_mosaic,377.794399889616,256443.21848395368,0.14732087755062065,Eurasian Kestrel
pland_LCCS1_c42_shrubland_grassland_mosaic,375.3192611508152,256443.21848395368,0.14635569751839625,Eurasian Kestrel
ed_LCCS3_c51_tundra,142.89546500867667,256443.21848395368,0.05572206816520594,Eurasian Kestrel
pland_LCCS3_c51_tundra,136.9084432533437,256443.21848395368,0.05338742980326088,Eurasian Kestrel
ed_LCCS1_c41_dense_shrubland,83.21918373780396,256443.21848395368,0.03245130997410688,Eurasian Kestrel
pland_LCCS1_c41_dense_shrubland,82.35440454815163,256443.21848395368,0.03211408944054598,Eurasian Kestrel
pland_LCCS2_c35_natural_herbaceous_cropland_mosaic,46.37490073550524,256443.21848395368,0.0180838865654804,Eurasian Kestrel
ed_LCCS2_c35_natural_herbaceous_cropland_mosaic,45.76089012237047,256443.21848395368,0.01784445320601599,Eurasian Kestrel
pland_LCCS1_c02_permanent_snow_ice,30.29657238522717,256443.21848395368,0.01181414449730239,Eurasian Kestrel
ed_LCCS1_c02_permanent_snow_ice,29.8418998601225,256443.21848395368,0.01163684500473144,Eurasian Kestrel
ed_LCCS1_c13_deciduous_needleleaf,4.36699930255168,256443.21848395368,0.00170291081525516,Eurasian Kestrel
pland_LCCS1_c13_deciduous_needleleaf,4.239249268664821,256443.21848395368,0.00165309470600412,Eurasian Kestrel
roads_tertiary_mean,15.909588999414469,106.32889225608676,14.962620847301952,Fox Kestrel
elevation_mean,14.775742893293836,106.32889225608676,13.896263357759192,Fox Kestrel
roads_secondary_mean,12.822621081596722,106.32889225608676,12.059394967375574,Fox Kestrel
pland_LCCS2_c36_herbaceous_cropland,5.631544207118629,106.32889225608676,5.296344283880428,Fox Kestrel
effort_hours,5.580115560374382,106.32889225608676,5.247976765275621,Fox Kestrel
ALAN_mean,5.095693866473288,106.32889225608676,4.792388746231471,Fox Kestrel
effort_distance_km,4.782637789919494,106.32889225608676,4.4979663461562245,Fox Kestrel
pland_LCCS1_c31_dense_herbaceous,4.27927837576611,106.32889225608676,4.02456781498271,Fox Kestrel
effort_speed_kmph,3.412263861456891,106.32889225608676,3.2091596075680533,Fox Kestrel
ed_LCCS1_c31_dense_herbaceous,3.2891628296985305,106.32889225608676,3.0933857768185713,Fox Kestrel
roads_primary_mean,3.070619040866959,106.32889225608676,2.8878501183587595,Fox Kestrel
hours_of_day,2.9457457322836365,106.32889225608676,2.770409499977659,Fox Kestrel
day_of_year,2.6912127400700365,106.32889225608676,2.531026782060714,Fox Kestrel
roads_local_mean,2.4668288209535167,106.32889225608676,2.3199986086681954,Fox Kestrel
ed_LCCS2_c36_herbaceous_cropland,2.363779912577008,106.32889225608676,2.223083361842975,Fox Kestrel
number_observers,1.9668727846160785,106.32889225608676,1.8498008799705952,Fox Kestrel
ed_LCCS1_c22_sparse_forest,1.833788904067219,106.32889225608676,1.7246383980476807,Fox Kestrel
pland_LCCS1_c22_sparse_forest,1.814893006609907,106.32889225608676,1.7068672193432115,Fox Kestrel
pland_LCCS1_c32_sparse_herbaceous,1.7580650047030302,106.32889225608676,1.6534217251777967,Fox Kestrel
year,1.6714291091108042,106.32889225608676,1.571942558270303,Fox Kestrel
ed_LCCS1_c32_sparse_herbaceous,1.0214584721124524,106.32889225608676,0.960659375301617,Fox Kestrel
ed_ASTWBD_c03_lake,0.8448976844223344,106.32889225608676,0.7946078121339298,Fox Kestrel
pland_ASTWBD_c03_lake,0.8089472033115841,106.32889225608676,0.7607971701268958,Fox Kestrel
pland_ASTWBD_c02_river,0.8041866419379079,106.32889225608676,0.7563199661678716,Fox Kestrel
ed_ASTWBD_c02_river,0.8005698178583235,106.32889225608676,0.7529184221445656,Fox Kestrel
ed_ASTWBD_c01_ocean,0.5087363577083199,106.32889225608676,0.4784554291067558,Fox Kestrel
ed_LCCS2_c25_forest_cropland_mosaic,0.4854169526406836,106.32889225608676,0.4565240381434484,Fox Kestrel
pland_LCCS2_c25_forest_cropland_mosaic,0.46759807667715486,106.32889225608676,0.4397657746221724,Fox Kestrel
pland_ASTWBD_c01_ocean,0.3591490036907845,106.32889225608676,0.3377717909689078,Fox Kestrel
pland_LCCS3_c50_herbaceous_wetland,0.33551827068011814,106.32889225608676,0.3155476028773464,Fox Kestrel
ed_LCCS1_c43_sparse_shrubland,0.21320292237241273,106.32889225608676,0.20051269024690516,Fox Kestrel
ed_LCCS3_c50_herbaceous_wetland,0.1780790426195401,106.32889225608676,0.16747944875664408,Fox Kestrel
pland_LCCS1_c43_sparse_shrubland,0.17211566712636128,106.32889225608676,0.16187102439836487,Fox Kestrel
ed_LCCS1_c01_barren,0.16733834562359678,106.32889225608676,0.157378057904123,Fox Kestrel
pland_LCCS1_c01_barren,0.14233186708007944,106.32889225608676,0.13386001119740973,Fox Kestrel
pland_LCCS2_c35_natural_herbaceous_cropland_mosaic,0.12206137566203808,106.32889225608676,0.11479605690620812,Fox Kestrel
pland_LCCS1_c12_evergreen_broadleaf,0.11554058232858272,106.32889225608676,0.1086633932481025,Fox Kestrel
ed_LCCS1_c12_evergreen_broadleaf,0.09181365080703324,106.32889225608676,0.08634873255888492,Fox Kestrel
ed_LCCS1_c16_mixed_broadleaf_evergreen_deciduous,0.08836324241001496,106.32889225608676,0.08310369884903664,Fox Kestrel
ed_LCCS2_c35_natural_herbaceous_cropland_mosaic,0.07692728384416762,106.32889225608676,0.07234842968070511,Fox Kestrel
pland_LCCS1_c16_mixed_broadleaf_evergreen_deciduous,0.07008770355575415,106.32889225608676,0.0659159538565982,Fox Kestrel
pland_LCCS1_c14_deciduous_broadleaf,0.06248375297236789,106.32889225608676,0.05876460447070164,Fox Kestrel
ed_LCCS1_c21_open_forest,0.05640073397968403,106.32889225608676,0.05304365801521401,Fox Kestrel
pland_LCCS1_c21_open_forest,0.05402695508395424,106.32889225608676,0.05081117082818239,Fox Kestrel
ed_LCCS1_c14_deciduous_broadleaf,0.04646721658163675,106.32889225608676,0.04370140193854673,Fox Kestrel
roads_highways_mean,0.03446993097901033,106.32889225608676,0.03241821695648965,Fox Kestrel
pland_LCCS3_c27_woody_wetland,0.01911457414351055,106.32889225608676,0.0179768393499993,Fox Kestrel
ed_LCCS1_c41_dense_shrubland,0.00768045288045289,106.32889225608676,0.00722329812479846,Fox Kestrel
ed_LCCS1_c42_shrubland_grassland_mosaic,0.00344137415982078,106.32889225608676,0.00323653720715197,Fox Kestrel
pland_LCCS1_c41_dense_shrubland,0.00330576441985797,106.32889225608676,0.00310899920963743,Fox Kestrel
pland_LCCS1_c42_shrubland_grassland_mosaic,0.00328345996493278,106.32889225608676,0.00308802235710757,Fox Kestrel
ed_LCCS3_c27_woody_wetland,0.00199335548172757,106.32889225608676,0.00187470727798677,Fox Kestrel
pland_LCCS1_c02_permanent_snow_ice,0,106.32889225608676,0,Fox Kestrel
ed_LCCS1_c02_permanent_snow_ice,0,106.32889225608676,0,Fox Kestrel
pland_LCCS1_c11_evergreen_needleleaf,0,106.32889225608676,0,Fox Kestrel
ed_LCCS1_c11_evergreen_needleleaf,0,106.32889225608676,0,Fox Kestrel
pland_LCCS1_c13_deciduous_needleleaf,0,106.32889225608676,0,Fox Kestrel
ed_LCCS1_c13_deciduous_needleleaf,0,106.32889225608676,0,Fox Kestrel
pland_LCCS1_c15_mixed_broadleaf_needleleaf,0,106.32889225608676,0,Fox Kestrel
ed_LCCS1_c15_mixed_broadleaf_needleleaf,0,106.32889225608676,0,Fox Kestrel
pland_LCCS3_c51_tundra,0,106.32889225608676,0,Fox Kestrel
ed_LCCS3_c51_tundra,0,106.32889225608676,0,Fox Kestrel
elevation_mean,32.06576382635915,414.344499875313,7.738913835228553,Greater Kestrel
ALAN_mean,31.90986908330724,414.344499875313,7.701289408429399,Greater Kestrel
roads_tertiary_mean,26.541984432722508,414.344499875313,6.405776941822489,Greater Kestrel
effort_distance_km,25.750221792396463,414.344499875313,6.21468893641532,Greater Kestrel
pland_LCCS1_c31_dense_herbaceous,24.95957046778586,414.344499875313,6.023869141571046,Greater Kestrel
pland_LCCS1_c22_sparse_forest,22.727913312544107,414.344499875313,5.485269701753861,Greater Kestrel
ed_LCCS1_c22_sparse_forest,19.64915000665268,414.344499875313,4.742225373467155,Greater Kestrel
effort_speed_kmph,18.778418715049504,414.344499875313,4.532078673833107,Greater Kestrel
effort_hours,17.631727383639053,414.344499875313,4.255330380624069,Greater Kestrel
roads_secondary_mean,17.515743537967104,414.344499875313,4.227338251922747,Greater Kestrel
hours_of_day,17.487481900097023,414.344499875313,4.220517445111365,Greater Kestrel
day_of_year,16.960990420326045,414.344499875313,4.093451325027857,Greater Kestrel
roads_primary_mean,15.10452730108316,414.344499875313,3.645403113985707,Greater Kestrel
pland_LCCS1_c01_barren,12.427113117751215,414.344499875313,2.9992224155240046,Greater Kestrel
pland_LCCS1_c43_sparse_shrubland,11.499051307109688,414.344499875313,2.7752392780814157,Greater Kestrel
roads_local_mean,11.264507007547763,414.344499875313,2.718633169002496,Greater Kestrel
year,10.08831253650784,414.344499875313,2.434764438660022,Greater Kestrel
pland_LCCS1_c42_shrubland_grassland_mosaic,9.836197214975522,414.344499875313,2.3739176501523467,Greater Kestrel
number_observers,7.432179131774591,414.344499875313,1.793719751079386,Greater Kestrel
ed_LCCS1_c43_sparse_shrubland,7.189761919896192,414.344499875313,1.7352135534705488,Greater Kestrel
ed_LCCS1_c31_dense_herbaceous,6.930097077052159,414.344499875313,1.6725447252558212,Greater Kestrel
ed_LCCS1_c42_shrubland_grassland_mosaic,5.355764281864864,414.344499875313,1.292587275437843,Greater Kestrel
roads_highways_mean,5.279961809056644,414.344499875313,1.2742927227573968,Greater Kestrel
pland_LCCS1_c32_sparse_herbaceous,3.7937973057672143,414.344499875313,0.9156142550242292,Greater Kestrel
pland_LCCS2_c36_herbaceous_cropland,3.501075536181833,414.344499875313,0.8449673006967384,Greater Kestrel
ed_ASTWBD_c03_lake,3.4643724299855534,414.344499875313,0.836109187168666,Greater Kestrel
pland_ASTWBD_c03_lake,2.9657894886759437,414.344499875313,0.7157786550970091,Greater Kestrel
ed_LCCS1_c32_sparse_herbaceous,2.86899166504499,414.344499875313,0.6924169781204635,Greater Kestrel
ed_LCCS1_c01_barren,2.8616705010429664,414.344499875313,0.6906500513230216,Greater Kestrel
ed_LCCS2_c36_herbaceous_cropland,2.699418189101812,414.344499875313,0.6514912566509601,Greater Kestrel
pland_LCCS1_c12_evergreen_broadleaf,1.9294342895962588,414.344499875313,0.46565944284933813,Greater Kestrel
pland_ASTWBD_c02_river,1.7433179786356934,414.344499875313,0.4207411897974519,Greater Kestrel
pland_LCCS1_c21_open_forest,1.6181963725699835,414.344499875313,0.3905437077255619,Greater Kestrel
ed_ASTWBD_c02_river,1.6121173485924385,414.344499875313,0.38907656529230306,Greater Kestrel
pland_LCCS1_c41_dense_shrubland,1.5786725327874904,414.344499875313,0.3810048240685116,Greater Kestrel
ed_LCCS1_c21_open_forest,1.4015466234768106,414.344499875313,0.3382563600816645,Greater Kestrel
ed_LCCS1_c41_dense_shrubland,1.2962717387273437,414.344499875313,0.31284878624367535,Greater Kestrel
pland_ASTWBD_c01_ocean,1.2299327216330147,414.344499875313,0.2968381918918034,Greater Kestrel
ed_ASTWBD_c01_ocean,1.1031220789480098,414.344499875313,0.266233069168281,Greater Kestrel
pland_LCCS3_c50_herbaceous_wetland,1.082398207579355,414.344499875313,0.2612314650985054,Greater Kestrel
ed_LCCS3_c50_herbaceous_wetland,1.0073852030548684,414.344499875313,0.24312744669182695,Greater Kestrel
ed_LCCS1_c12_evergreen_broadleaf,1.0064085362380215,414.344499875313,0.24289173297603223,Greater Kestrel
pland_LCCS3_c27_woody_wetland,0.21693295729388637,414.344499875313,0.05235569854533296,Greater Kestrel
pland_LCCS2_c25_forest_cropland_mosaic,0.20891246959461532,414.344499875313,0.05041999342515287,Greater Kestrel
ed_LCCS3_c27_woody_wetland,0.1517579119262533,414.344499875313,0.03662602302478281,Greater Kestrel
ed_LCCS2_c25_forest_cropland_mosaic,0.14453675822515566,414.344499875313,0.03488323321985703,Greater Kestrel
ed_LCCS1_c14_deciduous_broadleaf,0.09374232676365088,414.344499875313,0.022624247888378,Greater Kestrel
pland_LCCS1_c14_deciduous_broadleaf,0.0936315271290018,414.344499875313,0.02259750694341978,Greater Kestrel
ed_LCCS3_c51_tundra,0.08089193008152154,414.344499875313,0.01952286807375602,Greater Kestrel
pland_LCCS1_c16_mixed_broadleaf_evergreen_deciduous,0.06752986125148464,414.344499875313,0.01629799871165325,Greater Kestrel
ed_LCCS1_c16_mixed_broadleaf_evergreen_deciduous,0.0655246944294345,414.344499875313,0.01581406159588279,Greater Kestrel
pland_LCCS3_c51_tundra,0.06283320439156437,414.344499875313,0.01516448375940129,Greater Kestrel
pland_LCCS2_c35_natural_herbaceous_cropland_mosaic,0.00535523889578247,414.344499875313,0.00129246047609996,Greater Kestrel
ed_LCCS1_c02_permanent_snow_ice,0.0026026862026862,414.344499875313,6.281454691613903e-4,Greater Kestrel
ed_LCCS2_c35_natural_herbaceous_cropland_mosaic,2.19780219780219e-5,414.344499875313,5.304287129341805e-6,Greater Kestrel
pland_LCCS1_c02_permanent_snow_ice,0,414.344499875313,0,Greater Kestrel
pland_LCCS1_c11_evergreen_needleleaf,0,414.344499875313,0,Greater Kestrel
ed_LCCS1_c11_evergreen_needleleaf,0,414.344499875313,0,Greater Kestrel
pland_LCCS1_c13_deciduous_needleleaf,0,414.344499875313,0,Greater Kestrel
ed_LCCS1_c13_deciduous_needleleaf,0,414.344499875313,0,Greater Kestrel
pland_LCCS1_c15_mixed_broadleaf_needleleaf,0,414.344499875313,0,Greater Kestrel
ed_LCCS1_c15_mixed_broadleaf_needleleaf,0,414.344499875313,0,Greater Kestrel
elevation_mean,174.5238978657906,1296.560154956109,13.460532255188618,Grey Kestrel
effort_hours,108.95390520256971,1296.560154956109,8.403305067342442,Grey Kestrel
effort_distance_km,88.260608908556,1296.560154956109,6.807289933380976,Grey Kestrel
hours_of_day,69.27905479099103,1296.560154956109,5.343296608813052,Grey Kestrel
roads_tertiary_mean,69.24326708772708,1296.560154956109,5.340536404966963,Grey Kestrel
effort_speed_kmph,64.57762219860079,1296.560154956109,4.980688474171633,Grey Kestrel
day_of_year,61.851942306911326,1296.560154956109,4.770464530356104,Grey Kestrel
ALAN_mean,58.55308813304667,1296.560154956109,4.516033283085797,Grey Kestrel
year,51.15049539973978,1296.560154956109,3.94509234332219,Grey Kestrel
roads_primary_mean,41.00295633161895,1296.560154956109,3.162441493739022,Grey Kestrel
roads_secondary_mean,39.93481193376451,1296.560154956109,3.0800585519394104,Grey Kestrel
pland_LCCS2_c36_herbaceous_cropland,37.79254021918707,1296.560154956109,2.9148312228109785,Grey Kestrel
number_observers,31.602047546860657,1296.560154956109,2.437376116029915,Grey Kestrel
ed_LCCS1_c22_sparse_forest,28.964217724364484,1296.560154956109,2.23392779838626,Grey Kestrel
pland_LCCS1_c22_sparse_forest,28.58502429253974,1296.560154956109,2.204681686636236,Grey Kestrel
roads_local_mean,28.36406290798863,1296.560154956109,2.18763956300576,Grey Kestrel
pland_LCCS1_c31_dense_herbaceous,27.833691884160547,1296.560154956109,2.1467335532228176,Grey Kestrel
ed_LCCS1_c31_dense_herbaceous,26.427305543401584,1296.560154956109,2.038262971631748,Grey Kestrel
ed_LCCS2_c36_herbaceous_cropland,21.146095318077656,1296.560154956109,1.6309382358579028,Grey Kestrel
pland_LCCS1_c21_open_forest,17.26108005455204,1296.560154956109,1.3312980495792237,Grey Kestrel
ed_LCCS1_c21_open_forest,17.260523603828112,1296.560154956109,1.331255132116289,Grey Kestrel
ed_LCCS2_c25_forest_cropland_mosaic,16.565454881131902,1296.560154956109,1.2776464568813373,Grey Kestrel
pland_LCCS2_c25_forest_cropland_mosaic,16.311203424402905,1296.560154956109,1.2580367645923125,Grey Kestrel
pland_ASTWBD_c03_lake,16.26951691458094,1296.560154956109,1.254821602560484,Grey Kestrel
pland_LCCS1_c32_sparse_herbaceous,15.654756551910223,1296.560154956109,1.207406882902411,Grey Kestrel
pland_LCCS1_c12_evergreen_broadleaf,15.075165306436205,1296.560154956109,1.162704657305046,Grey Kestrel
ed_ASTWBD_c03_lake,14.99697799610992,1296.560154956109,1.1566742922635624,Grey Kestrel
ed_LCCS1_c32_sparse_herbaceous,14.471949788365688,1296.560154956109,1.1161803587011812,Grey Kestrel
pland_LCCS3_c50_herbaceous_wetland,10.802498744497434,1296.560154956109,0.8331660280631653,Grey Kestrel
ed_LCCS1_c12_evergreen_broadleaf,10.594551212427612,1296.560154956109,0.817127625889927,Grey Kestrel
ed_LCCS3_c50_herbaceous_wetland,10.275883942489695,1296.560154956109,0.7925497249942525,Grey Kestrel
ed_ASTWBD_c02_river,7.985719576753993,1296.560154956109,0.615915855984663,Grey Kestrel
pland_ASTWBD_c02_river,7.673307345170676,1296.560154956109,0.5918203884208081,Grey Kestrel
ed_ASTWBD_c01_ocean,6.236033667505158,1296.560154956109,0.4809675543142276,Grey Kestrel
pland_ASTWBD_c01_ocean,6.139573401896785,1296.560154956109,0.4735278481625575,Grey Kestrel
pland_LCCS3_c27_woody_wetland,5.569219721529985,1296.560154956109,0.4295380897092672,Grey Kestrel
ed_LCCS3_c27_woody_wetland,5.361435670684812,1296.560154956109,0.4135122963782816,Grey Kestrel
ed_LCCS1_c01_barren,3.927604636827188,1296.560154956109,0.3029249836048019,Grey Kestrel
pland_LCCS1_c01_barren,3.752260823168225,1296.560154956109,0.28940121357464094,Grey Kestrel
roads_highways_mean,3.573522874718733,1296.560154956109,0.27561566357402856,Grey Kestrel
ed_LCCS2_c35_natural_herbaceous_cropland_mosaic,3.165361617660474,1296.560154956109,0.24413534578869017,Grey Kestrel
pland_LCCS2_c35_natural_herbaceous_cropland_mosaic,2.829846409520468,1296.560154956109,0.21825801130039071,Grey Kestrel
pland_LCCS1_c43_sparse_shrubland,1.083804474789708,1296.560154956109,0.08359075902856175,Grey Kestrel
ed_LCCS1_c14_deciduous_broadleaf,1.0676034451695893,1296.560154956109,0.08234121965638606,Grey Kestrel
pland_LCCS1_c14_deciduous_broadleaf,1.037219066973604,1296.560154956109,0.07999775891684069,Grey Kestrel
ed_LCCS1_c43_sparse_shrubland,0.9791845773689938,1296.560154956109,0.07552172366442504,Grey Kestrel
pland_LCCS1_c16_mixed_broadleaf_evergreen_deciduous,0.5593965935468034,1296.560154956109,0.04314466948629468,Grey Kestrel
ed_LCCS1_c16_mixed_broadleaf_evergreen_deciduous,0.5373511410155877,1296.560154956109,0.04144436638451056,Grey Kestrel
pland_LCCS1_c42_shrubland_grassland_mosaic,0.4760167448282728,1296.560154956109,0.03671381871552168,Grey Kestrel
ed_LCCS1_c42_shrubland_grassland_mosaic,0.4193175252860607,1296.560154956109,0.03234076904825564,Grey Kestrel
ed_LCCS1_c41_dense_shrubland,0.32553591479573013,1296.560154956109,0.02510765995325146,Grey Kestrel
pland_LCCS1_c41_dense_shrubland,0.2419885370800307,1296.560154956109,0.01866388814703491,Grey Kestrel
pland_LCCS1_c11_evergreen_needleleaf,0.01680878769317353,1296.560154956109,0.0012964140251358,Grey Kestrel
ed_LCCS1_c11_evergreen_needleleaf,0.01497453247960601,1296.560154956109,0.00115494313336452,Grey Kestrel
pland_LCCS1_c15_mixed_broadleaf_needleleaf,8.538955690989951e-4,1296.560154956109,6.585853852094514e-5,Grey Kestrel
ed_LCCS1_c15_mixed_broadleaf_needleleaf,1.5957446808513965e-5,1296.560154956109,1.2307525221654023e-6,Grey Kestrel
pland_LCCS1_c02_permanent_snow_ice,0,1296.560154956109,0,Grey Kestrel
ed_LCCS1_c02_permanent_snow_ice,0,1296.560154956109,0,Grey Kestrel
pland_LCCS1_c13_deciduous_needleleaf,0,1296.560154956109,0,Grey Kestrel
ed_LCCS1_c13_deciduous_needleleaf,0,1296.560154956109,0,Grey Kestrel
pland_LCCS3_c51_tundra,0,1296.560154956109,0,Grey Kestrel
ed_LCCS3_c51_tundra,0,1296.560154956109,0,Grey Kestrel
day_of_year,1814.270198511147,11761.550974125808,15.425433282586228,Lesser Kestrel
elevation_mean,956.4234688437016,11761.550974125808,8.131780161882853,Lesser Kestrel
roads_tertiary_mean,676.4390529895703,11761.550974125808,5.751274253520357,Lesser Kestrel
ALAN_mean,657.5836072951392,11761.550974125808,5.590959974086369,Lesser Kestrel
roads_secondary_mean,649.3888521792225,11761.550974125808,5.521285871292066,Lesser Kestrel
roads_local_mean,629.8820980276261,11761.550974125808,5.35543398496764,Lesser Kestrel
effort_hours,521.1187808462058,11761.550974125808,4.430697805014093,Lesser Kestrel
roads_highways_mean,504.4815889367771,11761.550974125808,4.289243740443623,Lesser Kestrel
roads_primary_mean,482.87661747798745,11761.550974125808,4.105552223004143,Lesser Kestrel
hours_of_day,411.0303166963175,11761.550974125808,3.4946948544502474,Lesser Kestrel
effort_distance_km,382.3608245357071,11761.550974125808,3.250938803707617,Lesser Kestrel
effort_speed_kmph,309.44417416048236,11761.550974125808,2.630981023176514,Lesser Kestrel
pland_LCCS2_c36_herbaceous_cropland,303.219378357117,11761.550974125808,2.5780560661103986,Lesser Kestrel
pland_LCCS1_c31_dense_herbaceous,276.840511449394,11761.550974125808,2.353775552717617,Lesser Kestrel
year,225.0642162943026,11761.550974125808,1.9135589922572336,Lesser Kestrel
ed_LCCS2_c36_herbaceous_cropland,223.51706124268347,11761.550974125808,1.9004046467544784,Lesser Kestrel
ed_LCCS1_c31_dense_herbaceous,220.41765706310235,11761.550974125808,1.8740526444853949,Lesser Kestrel
pland_LCCS1_c22_sparse_forest,212.47203459279555,11761.550974125808,1.8064967372093357,Lesser Kestrel
ed_LCCS1_c22_sparse_forest,179.23949678939252,11761.550974125808,1.5239443946100375,Lesser Kestrel
number_observers,143.34489935763025,11761.550974125808,1.218758475586886,Lesser Kestrel
ed_ASTWBD_c03_lake,141.25420595077532,11761.550974125808,1.2009828147794448,Lesser Kestrel
pland_LCCS1_c43_sparse_shrubland,134.70128552929668,11761.550974125808,1.1452680503245325,Lesser Kestrel
pland_ASTWBD_c03_lake,129.31952926358977,11761.550974125808,1.0995108514861631,Lesser Kestrel
ed_LCCS1_c43_sparse_shrubland,125.36745578875976,11761.550974125808,1.0659092160936527,Lesser Kestrel
pland_LCCS1_c32_sparse_herbaceous,104.58616266951212,11761.550974125808,0.8892208425537658,Lesser Kestrel
ed_LCCS1_c32_sparse_herbaceous,104.5181290910952,11761.550974125808,0.8886424020184435,Lesser Kestrel
pland_ASTWBD_c01_ocean,104.37313450065064,11761.550974125808,0.8874096174072681,Lesser Kestrel
ed_ASTWBD_c01_ocean,100.99252048798364,11761.550974125808,0.8586666903893602,Lesser Kestrel
pland_LCCS1_c01_barren,97.83857149131008,11761.550974125808,0.8318509328110281,Lesser Kestrel
pland_LCCS1_c21_open_forest,92.0340749966671,11761.550974125808,0.7824994781651887,Lesser Kestrel
ed_LCCS1_c21_open_forest,90.6778184928363,11761.550974125808,0.7709682055735515,Lesser Kestrel
ed_LCCS1_c01_barren,61.0435425120513,11761.550974125808,0.5190092926208523,Lesser Kestrel
pland_LCCS1_c14_deciduous_broadleaf,58.498429096477125,11761.550974125808,0.4973700256468523,Lesser Kestrel
pland_LCCS1_c42_shrubland_grassland_mosaic,58.384559188575906,11761.550974125808,0.49640187180258694,Lesser Kestrel
pland_LCCS2_c25_forest_cropland_mosaic,57.92805294402041,11761.550974125808,0.49252052787473455,Lesser Kestrel
ed_LCCS1_c42_shrubland_grassland_mosaic,53.36851949206864,11761.550974125808,0.4537540976481236,Lesser Kestrel
pland_ASTWBD_c02_river,47.09551596018978,11761.550974125808,0.4004192649744496,Lesser Kestrel
ed_ASTWBD_c02_river,45.56670256655979,11761.550974125808,0.3874208653841812,Lesser Kestrel
ed_LCCS2_c25_forest_cropland_mosaic,45.00564029436335,11761.550974125808,0.3826505568302267,Lesser Kestrel
ed_LCCS1_c14_deciduous_broadleaf,43.42275022140135,11761.550974125808,0.36919238216904304,Lesser Kestrel
ed_LCCS1_c11_evergreen_needleleaf,39.92903440206041,11761.550974125808,0.3394878319185977,Lesser Kestrel
ed_LCCS3_c50_herbaceous_wetland,39.5211728921417,11761.550974125808,0.33602007914674,Lesser Kestrel
pland_LCCS1_c11_evergreen_needleleaf,38.68661321121946,11761.550974125808,0.32892441903560166,Lesser Kestrel
pland_LCCS3_c50_herbaceous_wetland,35.894648425078394,11761.550974125808,0.305186352582605,Lesser Kestrel
pland_LCCS1_c12_evergreen_broadleaf,25.32234288381164,11761.550974125808,0.21529765028029188,Lesser Kestrel
pland_LCCS1_c15_mixed_broadleaf_needleleaf,17.232285134634974,11761.550974125808,0.14651371381669148,Lesser Kestrel
ed_LCCS1_c15_mixed_broadleaf_needleleaf,16.739151437511268,11761.550974125808,0.14232095303022252,Lesser Kestrel
ed_LCCS1_c12_evergreen_broadleaf,15.13208583008275,11761.550974125808,0.12865723120506614,Lesser Kestrel
pland_LCCS1_c41_dense_shrubland,13.149143755682337,11761.550974125808,0.11179770240004136,Lesser Kestrel
ed_LCCS1_c41_dense_shrubland,12.06510963653302,11761.550974125808,0.10258094075411492,Lesser Kestrel
ed_LCCS1_c16_mixed_broadleaf_evergreen_deciduous,5.088604641303124,11761.550974125808,0.04326474163566971,Lesser Kestrel
pland_LCCS1_c16_mixed_broadleaf_evergreen_deciduous,4.740355313764631,11761.550974125808,0.04030382833176442,Lesser Kestrel
ed_LCCS3_c27_woody_wetland,4.324296688230221,11761.550974125808,0.03676638138748218,Lesser Kestrel
pland_LCCS3_c27_woody_wetland,4.035991520200102,11761.550974125808,0.03431513011403738,Lesser Kestrel
ed_LCCS3_c51_tundra,3.766558131937231,11761.550974125808,0.03202433199688773,Lesser Kestrel
pland_LCCS3_c51_tundra,3.5891641584255294,11761.550974125808,0.03051607875799134,Lesser Kestrel
ed_LCCS2_c35_natural_herbaceous_cropland_mosaic,2.9610791409034003,11761.550974125808,0.0251759240547226,Lesser Kestrel
pland_LCCS2_c35_natural_herbaceous_cropland_mosaic,2.786671096228708,11761.550974125808,0.02369305801895596,Lesser Kestrel
pland_LCCS1_c02_permanent_snow_ice,0.5079169647650833,11761.550974125808,0.00431845226775319,Lesser Kestrel
ed_LCCS1_c02_permanent_snow_ice,0.3867637324872126,11761.550974125808,0.00328837356006918,Lesser Kestrel
pland_LCCS1_c13_deciduous_needleleaf,0.1738253811014032,11761.550974125808,0.00147791206690172,Lesser Kestrel
ed_LCCS1_c13_deciduous_needleleaf,0.12672356321731393,11761.550974125808,0.00107743922120554,Lesser Kestrel
effort_hours,77.75917462151234,683.4291666469627,11.37779574187828,Malagasy Kestrel
hours_of_day,49.94849743258978,683.4291666469627,7.30851123572131,Malagasy Kestrel
day_of_year,48.62646323694598,683.4291666469627,7.11506994580242,Malagasy Kestrel
effort_distance_km,47.66170741253744,683.4291666469627,6.973905964004302,Malagasy Kestrel
effort_speed_kmph,45.59428492453648,683.4291666469627,6.671398756396507,Malagasy Kestrel
elevation_mean,42.76736077057127,683.4291666469627,6.257760548967542,Malagasy Kestrel
roads_tertiary_mean,32.075213132714495,683.4291666469627,4.693275426052091,Malagasy Kestrel
pland_LCCS1_c31_dense_herbaceous,25.76414669541634,683.4291666469627,3.769834234880593,Malagasy Kestrel
roads_primary_mean,25.62529431845373,683.4291666469627,3.749517224173566,Malagasy Kestrel
ALAN_mean,24.820512073461273,683.4291666469627,3.6317607273385137,Malagasy Kestrel
number_observers,24.619944155753995,683.4291666469627,3.602413440524387,Malagasy Kestrel
year,24.025998337576645,683.4291666469627,3.5155067284372565,Malagasy Kestrel
pland_LCCS1_c12_evergreen_broadleaf,18.615807491982245,683.4291666469627,2.7238825031883027,Malagasy Kestrel
ed_LCCS1_c31_dense_herbaceous,16.878918800170887,683.4291666469627,2.469739312265844,Malagasy Kestrel
roads_secondary_mean,16.84645954691502,683.4291666469627,2.4649898437269,Malagasy Kestrel
pland_LCCS1_c21_open_forest,13.535321637655874,683.4291666469627,1.980501023107166,Malagasy Kestrel
pland_LCCS1_c22_sparse_forest,12.89340475846948,683.4291666469627,1.886575140146132,Malagasy Kestrel
ed_LCCS1_c22_sparse_forest,11.833071769391864,683.4291666469627,1.7314262175035973,Malagasy Kestrel
ed_LCCS1_c21_open_forest,10.480698639627391,683.4291666469627,1.53354570614066,Malagasy Kestrel
pland_ASTWBD_c01_ocean,8.943358431542066,683.4291666469627,1.3086006374910708,Malagasy Kestrel
roads_local_mean,8.88172886251438,683.4291666469627,1.2995829408466544,Malagasy Kestrel
ed_ASTWBD_c03_lake,8.836262693410724,683.4291666469627,1.2929302881179563,Malagasy Kestrel
ed_ASTWBD_c01_ocean,8.15116746935039,683.4291666469627,1.192686509026475,Malagasy Kestrel
pland_ASTWBD_c03_lake,7.942235600438772,683.4291666469627,1.1621154009866064,Malagasy Kestrel
pland_LCCS1_c14_deciduous_broadleaf,7.739432279897975,683.4291666469627,1.132441027922344,Malagasy Kestrel
ed_LCCS1_c12_evergreen_broadleaf,7.210598640426929,683.4291666469627,1.055061591211206,Malagasy Kestrel
ed_LCCS1_c42_shrubland_grassland_mosaic,7.126589155172556,683.4291666469627,1.042769244124742,Malagasy Kestrel
pland_LCCS1_c42_shrubland_grassland_mosaic,6.860824529142063,683.4291666469627,1.0038823134813826,Malagasy Kestrel
ed_LCCS1_c14_deciduous_broadleaf,5.067560532998628,683.4291666469627,0.7414902348784838,Malagasy Kestrel
pland_LCCS2_c36_herbaceous_cropland,4.954213210129434,683.4291666469627,0.7249051477325403,Malagasy Kestrel
ed_LCCS2_c36_herbaceous_cropland,4.7140669729984355,683.4291666469627,0.6897667239059421,Malagasy Kestrel
pland_ASTWBD_c02_river,3.7869794467618902,683.4291666469627,0.5541144030099788,Malagasy Kestrel
ed_ASTWBD_c02_river,3.653908664866555,683.4291666469627,0.5346433607440764,Malagasy Kestrel
pland_LCCS1_c41_dense_shrubland,2.815283309477586,683.4291666469627,0.4119349080885613,Malagasy Kestrel
pland_LCCS1_c43_sparse_shrubland,2.776982758709475,683.4291666469627,0.40633073539045694,Malagasy Kestrel
ed_LCCS1_c41_dense_shrubland,2.6961347182602022,683.4291666469627,0.39450097388848165,Malagasy Kestrel
ed_LCCS1_c43_sparse_shrubland,2.5264348631858273,683.4291666469627,0.36967033110117486,Malagasy Kestrel
pland_LCCS1_c32_sparse_herbaceous,2.3330850211341887,683.4291666469627,0.3413791999221749,Malagasy Kestrel
ed_LCCS1_c32_sparse_herbaceous,2.161237600299798,683.4291666469627,0.31623432328814016,Malagasy Kestrel
pland_LCCS3_c50_herbaceous_wetland,1.031272528852384,683.4291666469627,0.150896768704211,Malagasy Kestrel
ed_LCCS3_c50_herbaceous_wetland,0.8955490128501347,683.4291666469627,0.13103757588279025,Malagasy Kestrel
ed_LCCS1_c16_mixed_broadleaf_evergreen_deciduous,0.6535326884290331,683.4291666469627,0.09562551912078796,Malagasy Kestrel
pland_LCCS1_c16_mixed_broadleaf_evergreen_deciduous,0.600281350724059,683.4291666469627,0.08783373318249743,Malagasy Kestrel
ed_LCCS3_c27_woody_wetland,0.34939172462429,683.4291666469627,0.05112332655313413,Malagasy Kestrel
pland_LCCS3_c27_woody_wetland,0.3135199088892547,683.4291666469627,0.04587452865487798,Malagasy Kestrel
ed_LCCS2_c25_forest_cropland_mosaic,0.01087781403522623,683.4291666469627,0.00159165200522461,Malagasy Kestrel
pland_LCCS2_c25_forest_cropland_mosaic,0.00900937787920531,683.4291666469627,0.00131826066531621,Malagasy Kestrel
ed_LCCS1_c01_barren,0.00860500066656316,683.4291666469627,0.00125909181031605,Malagasy Kestrel
pland_LCCS1_c01_barren,0.00539984563840436,683.4291666469627,7.901105047794589e-4,Malagasy Kestrel
pland_LCCS1_c11_evergreen_needleleaf,0.00136287737370557,683.4291666469627,1.9941750223978816e-4,Malagasy Kestrel
pland_LCCS1_c02_permanent_snow_ice,0,683.4291666469627,0,Malagasy Kestrel
ed_LCCS1_c02_permanent_snow_ice,0,683.4291666469627,0,Malagasy Kestrel
ed_LCCS1_c11_evergreen_needleleaf,0,683.4291666469627,0,Malagasy Kestrel
pland_LCCS1_c13_deciduous_needleleaf,0,683.4291666469627,0,Malagasy Kestrel
ed_LCCS1_c13_deciduous_needleleaf,0,683.4291666469627,0,Malagasy Kestrel
pland_LCCS1_c15_mixed_broadleaf_needleleaf,0,683.4291666469627,0,Malagasy Kestrel
ed_LCCS1_c15_mixed_broadleaf_needleleaf,0,683.4291666469627,0,Malagasy Kestrel
pland_LCCS2_c35_natural_herbaceous_cropland_mosaic,0,683.4291666469627,0,Malagasy Kestrel
ed_LCCS2_c35_natural_herbaceous_cropland_mosaic,0,683.4291666469627,0,Malagasy Kestrel
pland_LCCS3_c51_tundra,0,683.4291666469627,0,Malagasy Kestrel
ed_LCCS3_c51_tundra,0,683.4291666469627,0,Malagasy Kestrel
roads_highways_mean,0,683.4291666469627,0,Malagasy Kestrel
effort_distance_km,1.5813099581395966,20.719743105133453,7.6318994406249026,Mauritius Kestrel
effort_hours,1.3429479935396933,20.719743105133453,6.48148959533658,Mauritius Kestrel
pland_LCCS2_c36_herbaceous_cropland,1.3394758334155925,20.719743105133453,6.464731858010964,Mauritius Kestrel
hours_of_day,1.2820332005565012,20.719743105133453,6.187495636656175,Mauritius Kestrel
elevation_mean,1.2368612529385663,20.719743105133453,5.969481603428402,Mauritius Kestrel
effort_speed_kmph,1.187391415104657,20.719743105133453,5.730724599623404,Mauritius Kestrel
day_of_year,1.1484972790011352,20.719743105133453,5.543009260170737,Mauritius Kestrel
pland_LCCS1_c31_dense_herbaceous,1.118634393953308,20.719743105133453,5.398881580130011,Mauritius Kestrel
ed_LCCS1_c31_dense_herbaceous,1.0102678825245193,20.719743105133453,4.875870696843817,Mauritius Kestrel
pland_LCCS1_c22_sparse_forest,0.999557144332113,20.719743105133453,4.824177304034557,Mauritius Kestrel
ed_LCCS2_c36_herbaceous_cropland,0.9820722443578248,20.719743105133453,4.739789674875408,Mauritius Kestrel
roads_tertiary_mean,0.8611869310104288,20.719743105133453,4.1563591143032275,Mauritius Kestrel
ALAN_mean,0.7763333628930184,20.719743105133453,3.746829094134264,Mauritius Kestrel
pland_LCCS2_c25_forest_cropland_mosaic,0.6988517449141024,20.719743105133453,3.3728784250271775,Mauritius Kestrel
roads_local_mean,0.6826562301043052,20.719743105133453,3.294713774396038,Mauritius Kestrel
ed_LCCS2_c25_forest_cropland_mosaic,0.6630904657709986,20.719743105133453,3.2002832390654183,Mauritius Kestrel
roads_secondary_mean,0.6391153349001569,20.719743105133453,3.084571713352044,Mauritius Kestrel
ed_LCCS1_c12_evergreen_broadleaf,0.5908573979104201,20.719743105133453,2.851663724363606,Mauritius Kestrel
ed_LCCS1_c22_sparse_forest,0.5745490902306456,20.719743105133453,2.772954699850006,Mauritius Kestrel
year,0.5541789988388772,20.719743105133453,2.6746422290418055,Mauritius Kestrel
pland_LCCS1_c12_evergreen_broadleaf,0.4400206118532573,20.719743105133453,2.1236779318187553,Mauritius Kestrel
roads_primary_mean,0.37513192350672375,20.719743105133453,1.8105047036697204,Mauritius Kestrel
number_observers,0.31738665150662776,20.719743105133453,1.5318078505905468,Mauritius Kestrel
roads_highways_mean,0.14857411194859935,20.719743105133453,0.7170654153129397,Mauritius Kestrel
ed_ASTWBD_c01_ocean,0.03095902640299682,20.719743105133453,0.1494180031379179,Mauritius Kestrel
pland_ASTWBD_c01_ocean,0.021629724126901,20.719743105133453,0.1043918547500818,Mauritius Kestrel
pland_LCCS1_c21_open_forest,0.01963952318213187,20.719743105133453,0.09478651874436636,Mauritius Kestrel
ed_ASTWBD_c03_lake,0.01869382956906162,20.719743105133453,0.0902223037911609,Mauritius Kestrel
pland_ASTWBD_c03_lake,0.0166876131242264,20.719743105133453,0.08053967194261176,Mauritius Kestrel
ed_LCCS1_c21_open_forest,0.0154524224143362,20.719743105133453,0.07457825290559596,Mauritius Kestrel
ed_LCCS1_c16_mixed_broadleaf_evergreen_deciduous,0.01395206751166503,20.719743105133453,0.06733706803637116,Mauritius Kestrel
pland_LCCS1_c14_deciduous_broadleaf,0.01190640316205533,20.719743105133453,0.05746404818651175,Mauritius Kestrel
pland_LCCS1_c16_mixed_broadleaf_evergreen_deciduous,0.00889650349650349,20.719743105133453,0.04293732529096522,Mauritius Kestrel
pland_LCCS1_c32_sparse_herbaceous,0.00617849752586595,20.719743105133453,0.02981937321575761,Mauritius Kestrel
ed_LCCS1_c32_sparse_herbaceous,0.00476604136604135,20.719743105133453,0.02300241533815416,Mauritius Kestrel
pland_LCCS1_c01_barren,0,20.719743105133453,0,Mauritius Kestrel
ed_LCCS1_c01_barren,0,20.719743105133453,0,Mauritius Kestrel
pland_LCCS1_c02_permanent_snow_ice,0,20.719743105133453,0,Mauritius Kestrel
ed_LCCS1_c02_permanent_snow_ice,0,20.719743105133453,0,Mauritius Kestrel
pland_LCCS1_c11_evergreen_needleleaf,0,20.719743105133453,0,Mauritius Kestrel
ed_LCCS1_c11_evergreen_needleleaf,0,20.719743105133453,0,Mauritius Kestrel
pland_LCCS1_c13_deciduous_needleleaf,0,20.719743105133453,0,Mauritius Kestrel
ed_LCCS1_c13_deciduous_needleleaf,0,20.719743105133453,0,Mauritius Kestrel
ed_LCCS1_c14_deciduous_broadleaf,0,20.719743105133453,0,Mauritius Kestrel
pland_LCCS1_c15_mixed_broadleaf_needleleaf,0,20.719743105133453,0,Mauritius Kestrel
ed_LCCS1_c15_mixed_broadleaf_needleleaf,0,20.719743105133453,0,Mauritius Kestrel
pland_LCCS1_c41_dense_shrubland,0,20.719743105133453,0,Mauritius Kestrel
ed_LCCS1_c41_dense_shrubland,0,20.719743105133453,0,Mauritius Kestrel
pland_LCCS1_c42_shrubland_grassland_mosaic,0,20.719743105133453,0,Mauritius Kestrel
ed_LCCS1_c42_shrubland_grassland_mosaic,0,20.719743105133453,0,Mauritius Kestrel
pland_LCCS1_c43_sparse_shrubland,0,20.719743105133453,0,Mauritius Kestrel
ed_LCCS1_c43_sparse_shrubland,0,20.719743105133453,0,Mauritius Kestrel
pland_LCCS2_c35_natural_herbaceous_cropland_mosaic,0,20.719743105133453,0,Mauritius Kestrel
ed_LCCS2_c35_natural_herbaceous_cropland_mosaic,0,20.719743105133453,0,Mauritius Kestrel
pland_LCCS3_c27_woody_wetland,0,20.719743105133453,0,Mauritius Kestrel
ed_LCCS3_c27_woody_wetland,0,20.719743105133453,0,Mauritius Kestrel
pland_LCCS3_c50_herbaceous_wetland,0,20.719743105133453,0,Mauritius Kestrel
ed_LCCS3_c50_herbaceous_wetland,0,20.719743105133453,0,Mauritius Kestrel
pland_LCCS3_c51_tundra,0,20.719743105133453,0,Mauritius Kestrel
ed_LCCS3_c51_tundra,0,20.719743105133453,0,Mauritius Kestrel
pland_ASTWBD_c02_river,0,20.719743105133453,0,Mauritius Kestrel
ed_ASTWBD_c02_river,0,20.719743105133453,0,Mauritius Kestrel
elevation_mean,1800.5263716691238,26773.685522327654,6.7249851357505195,Nankeen Kestrel
effort_distance_km,1754.1771736974274,26773.685522327654,6.55187038868649,Nankeen Kestrel
effort_hours,1622.7199866022454,26773.685522327654,6.060876397644223,Nankeen Kestrel
roads_tertiary_mean,1397.8015873737286,26773.685522327654,5.220803785896586,Nankeen Kestrel
ALAN_mean,1339.0441650306664,26773.685522327654,5.001344188920062,Nankeen Kestrel
hours_of_day,1328.9077474477792,26773.685522327654,4.963484561509283,Nankeen Kestrel
day_of_year,1325.0838298938052,26773.685522327654,4.949202188801255,Nankeen Kestrel
effort_speed_kmph,1255.270862960209,26773.685522327654,4.688450015271106,Nankeen Kestrel
roads_secondary_mean,1234.052228126795,26773.685522327654,4.6091981886381275,Nankeen Kestrel
roads_primary_mean,1170.9251267007442,26773.685522327654,4.373417793841877,Nankeen Kestrel
pland_LCCS1_c31_dense_herbaceous,1083.1854722949151,26773.685522327654,4.045709252062451,Nankeen Kestrel
pland_LCCS1_c12_evergreen_broadleaf,773.8897604302474,26773.685522327654,2.8904864807830415,Nankeen Kestrel
pland_LCCS1_c22_sparse_forest,713.8238375589866,26773.685522327654,2.6661396204258097,Nankeen Kestrel
year,703.3984686454526,26773.685522327654,2.6272007567238367,Nankeen Kestrel
roads_local_mean,696.3290325246498,26773.685522327654,2.600796337672499,Nankeen Kestrel
ed_LCCS1_c31_dense_herbaceous,661.1243545059422,26773.685522327654,2.46930649108657,Nankeen Kestrel
ed_LCCS1_c22_sparse_forest,641.3678652517475,26773.685522327654,2.395515793732936,Nankeen Kestrel
roads_highways_mean,505.6814373884515,26773.685522327654,1.8887255434697003,Nankeen Kestrel
ed_LCCS1_c12_evergreen_broadleaf,462.2290600049208,26773.685522327654,1.7264304520924072,Nankeen Kestrel
pland_LCCS1_c21_open_forest,438.6093168679412,26773.685522327654,1.6382104604245358,Nankeen Kestrel
pland_LCCS1_c43_sparse_shrubland,430.296294231407,26773.685522327654,1.6071612325190177,Nankeen Kestrel
ed_LCCS1_c21_open_forest,424.7337424341311,26773.685522327654,1.5863850424325352,Nankeen Kestrel
pland_ASTWBD_c01_ocean,388.1914650532692,26773.685522327654,1.4498992480117865,Nankeen Kestrel
number_observers,364.1400170031003,26773.685522327654,1.360066833904616,Nankeen Kestrel
ed_ASTWBD_c01_ocean,359.1265705777933,26773.685522327654,1.3413415582188084,Nankeen Kestrel
pland_LCCS2_c36_herbaceous_cropland,351.87119009763114,26773.685522327654,1.3142426350088845,Nankeen Kestrel
pland_ASTWBD_c03_lake,316.1428689705087,26773.685522327654,1.18079697584729,Nankeen Kestrel
ed_LCCS2_c36_herbaceous_cropland,315.9014913145439,26773.685522327654,1.1798954277366889,Nankeen Kestrel
ed_ASTWBD_c03_lake,311.38841012438604,26773.685522327654,1.1630390215224822,Nankeen Kestrel
pland_LCCS1_c42_shrubland_grassland_mosaic,270.7266697579203,26773.685522327654,1.0111669890652537,Nankeen Kestrel
ed_LCCS1_c42_shrubland_grassland_mosaic,254.46463458453167,26773.685522327654,0.9504281148455388,Nankeen Kestrel
ed_LCCS1_c43_sparse_shrubland,186.05873229656655,26773.685522327654,0.6949313427223333,Nankeen Kestrel
ed_LCCS1_c32_sparse_herbaceous,147.91562760025258,26773.685522327654,0.5524664412633806,Nankeen Kestrel
pland_LCCS1_c32_sparse_herbaceous,147.24021450902632,26773.685522327654,0.5499437661887705,Nankeen Kestrel
pland_ASTWBD_c02_river,133.30192178021062,26773.685522327654,0.49788409469829903,Nankeen Kestrel
ed_ASTWBD_c02_river,133.18808179218118,26773.685522327654,0.4974589011330183,Nankeen Kestrel
pland_LCCS3_c50_herbaceous_wetland,130.24360497829,26773.685522327654,0.48646124893666426,Nankeen Kestrel
ed_LCCS3_c50_herbaceous_wetland,125.60397881369236,26773.685522327654,0.46913219589789434,Nankeen Kestrel
pland_LCCS1_c41_dense_shrubland,118.787051222657,26773.685522327654,0.443670898889119,Nankeen Kestrel
ed_LCCS1_c41_dense_shrubland,114.01945936053258,26773.685522327654,0.4258638926099552,Nankeen Kestrel
pland_LCCS1_c11_evergreen_needleleaf,113.69019762659175,26773.685522327654,0.424634096534005,Nankeen Kestrel
ed_LCCS1_c11_evergreen_needleleaf,107.39822467954536,26773.685522327654,0.40113351070020464,Nankeen Kestrel
pland_LCCS3_c27_woody_wetland,100.6012029575656,26773.685522327654,0.3757465623239288,Nankeen Kestrel
ed_LCCS3_c27_woody_wetland,98.82764167024484,26773.685522327654,0.3691222920648279,Nankeen Kestrel
ed_LCCS1_c16_mixed_broadleaf_evergreen_deciduous,92.5433436813348,26773.685522327654,0.34565037228124296,Nankeen Kestrel
pland_LCCS1_c16_mixed_broadleaf_evergreen_deciduous,89.35947966006009,26773.685522327654,0.33375860632089527,Nankeen Kestrel
pland_LCCS1_c01_barren,65.41752193297718,26773.685522327654,0.24433513973420976,Nankeen Kestrel
ed_LCCS1_c01_barren,57.851532363334925,26773.685522327654,0.21607608827365288,Nankeen Kestrel
ed_LCCS2_c25_forest_cropland_mosaic,33.70777054290595,26773.685522327654,0.12589888125336976,Nankeen Kestrel
pland_LCCS2_c25_forest_cropland_mosaic,30.9942306925533,26773.685522327654,0.11576378107043184,Nankeen Kestrel
ed_LCCS1_c14_deciduous_broadleaf,25.51740114546231,26773.685522327654,0.09530776449952068,Nankeen Kestrel
pland_LCCS1_c14_deciduous_broadleaf,25.15103584404429,26773.685522327654,0.09393938620467408,Nankeen Kestrel
ed_LCCS3_c51_tundra,0.5073338571159759,26773.685522327654,0.00189489734871536,Nankeen Kestrel
pland_LCCS3_c51_tundra,0.4593665523506213,26773.685522327654,0.00171573895557836,Nankeen Kestrel
ed_LCCS1_c02_permanent_snow_ice,0.09244401839744136,26773.685522327654,3.4527939129018513e-4,Nankeen Kestrel
pland_LCCS1_c02_permanent_snow_ice,0.07708362476156654,26773.685522327654,2.8790815779651774e-4,Nankeen Kestrel
pland_LCCS1_c13_deciduous_needleleaf,0,26773.685522327654,0,Nankeen Kestrel
ed_LCCS1_c13_deciduous_needleleaf,0,26773.685522327654,0,Nankeen Kestrel
pland_LCCS1_c15_mixed_broadleaf_needleleaf,0,26773.685522327654,0,Nankeen Kestrel
ed_LCCS1_c15_mixed_broadleaf_needleleaf,0,26773.685522327654,0,Nankeen Kestrel
pland_LCCS2_c35_natural_herbaceous_cropland_mosaic,0,26773.685522327654,0,Nankeen Kestrel
ed_LCCS2_c35_natural_herbaceous_cropland_mosaic,0,26773.685522327654,0,Nankeen Kestrel
elevation_mean,214.3851602360431,1881.714532317273,11.393075652768353,Rock Kestrel
effort_hours,109.04643395381744,1881.714532317273,5.795057224728456,Rock Kestrel
roads_tertiary_mean,88.17541176927648,1881.714532317273,4.685907997994318,Rock Kestrel
effort_distance_km,86.15049048768977,1881.714532317273,4.578297558322946,Rock Kestrel
roads_primary_mean,85.02873455552013,1881.714532317273,4.51868405622663,Rock Kestrel
pland_LCCS1_c31_dense_herbaceous,82.52522506983912,1881.714532317273,4.3856399922793745,Rock Kestrel
ALAN_mean,73.61511934477072,1881.714532317273,3.9121300325037063,Rock Kestrel
effort_speed_kmph,67.42318739439565,1881.714532317273,3.5830720460752397,Rock Kestrel
roads_secondary_mean,63.80806552848201,1881.714532317273,3.390953539052725,Rock Kestrel
hours_of_day,61.35017910292753,1881.714532317273,3.26033402247134,Rock Kestrel
pland_LCCS1_c22_sparse_forest,60.889631565080244,1881.714532317273,3.235859133749504,Rock Kestrel
day_of_year,58.37055165062952,1881.714532317273,3.1019876101370163,Rock Kestrel
pland_LCCS2_c36_herbaceous_cropland,55.26746605483694,1881.714532317273,2.9370802587561866,Rock Kestrel
pland_LCCS1_c43_sparse_shrubland,50.38939436637721,1881.714532317273,2.6778447793738525,Rock Kestrel
pland_ASTWBD_c01_ocean,48.09099675418369,1881.714532317273,2.555700980581848,Rock Kestrel
pland_LCCS1_c42_shrubland_grassland_mosaic,47.78835899088678,1881.714532317273,2.539617894752446,Rock Kestrel
ed_ASTWBD_c01_ocean,46.60158502238644,1881.714532317273,2.476549137610051,Rock Kestrel
ed_LCCS1_c31_dense_herbaceous,42.52557917125214,1881.714532317273,2.2599378620349606,Rock Kestrel
ed_LCCS1_c42_shrubland_grassland_mosaic,41.963640008685175,1881.714532317273,2.2300747157969947,Rock Kestrel
year,37.42898937463991,1881.714532317273,1.9890896696507552,Rock Kestrel
ed_LCCS1_c22_sparse_forest,36.863040366493586,1881.714532317273,1.9590134280941056,Rock Kestrel
ed_LCCS1_c43_sparse_shrubland,32.12831109112653,1881.714532317273,1.7073955979689177,Rock Kestrel
roads_local_mean,30.490150115015265,1881.714532317273,1.6203387703802012,Rock Kestrel
roads_highways_mean,29.382182036821305,1881.714532317273,1.5614579965345785,Rock Kestrel
pland_LCCS1_c01_barren,29.374338594211455,1881.714532317273,1.5610411722780215,Rock Kestrel
number_observers,23.4639228470598,1881.714532317273,1.2469438081112498,Rock Kestrel
pland_ASTWBD_c02_river,22.180712601005233,1881.714532317273,1.1787501355846135,Rock Kestrel
ed_LCCS1_c41_dense_shrubland,21.90918037901988,1881.714532317273,1.1643200922745387,Rock Kestrel
pland_LCCS1_c41_dense_shrubland,20.605691003814016,1881.714532317273,1.0950487255066657,Rock Kestrel
ed_ASTWBD_c02_river,19.925956055291415,1881.714532317273,1.0589255550231211,Rock Kestrel
ed_LCCS2_c36_herbaceous_cropland,17.005637222714743,1881.714532317273,0.903730982072654,Rock Kestrel
pland_ASTWBD_c03_lake,16.915191921345606,1881.714532317273,0.898924445277843,Rock Kestrel
pland_LCCS1_c21_open_forest,16.107300365186735,1881.714532317273,0.855990645156526,Rock Kestrel
ed_LCCS1_c21_open_forest,16.064370845047474,1881.714532317273,0.8537092406500522,Rock Kestrel
pland_LCCS1_c12_evergreen_broadleaf,15.928003755795904,1881.714532317273,0.8464622811931551,Rock Kestrel
ed_ASTWBD_c03_lake,13.569833125861445,1881.714532317273,0.7211419635023285,Rock Kestrel
pland_LCCS1_c32_sparse_herbaceous,12.854946409038256,1881.714532317273,0.6831507217626569,Rock Kestrel
ed_LCCS1_c32_sparse_herbaceous,12.553055722307093,1881.714532317273,0.6671073378408993,Rock Kestrel
ed_LCCS1_c01_barren,9.980074727615506,1881.714532317273,0.5303713478433603,Rock Kestrel
ed_LCCS1_c12_evergreen_broadleaf,8.743795906093212,1881.714532317273,0.46467175312322734,Rock Kestrel
pland_LCCS2_c25_forest_cropland_mosaic,8.146153778320253,1881.714532317273,0.4329112433589231,Rock Kestrel
ed_LCCS2_c25_forest_cropland_mosaic,7.021702971114292,1881.714532317273,0.3731545274546656,Rock Kestrel
pland_LCCS1_c14_deciduous_broadleaf,6.246437334261781,1881.714532317273,0.33195456733649636,Rock Kestrel
pland_LCCS3_c50_herbaceous_wetland,5.9398803462937195,1881.714532317273,0.31566320205748427,Rock Kestrel
ed_LCCS1_c14_deciduous_broadleaf,5.587283408455637,1881.714532317273,0.29692513463107867,Rock Kestrel
ed_LCCS3_c50_herbaceous_wetland,5.029099803967293,1881.714532317273,0.2672615701051164,Rock Kestrel
pland_LCCS1_c16_mixed_broadleaf_evergreen_deciduous,3.1990673426277665,1881.714532317273,0.17000811162829327,Rock Kestrel
ed_LCCS1_c16_mixed_broadleaf_evergreen_deciduous,3.11336123037364,1881.714532317273,0.16545342967297128,Rock Kestrel
pland_LCCS1_c11_evergreen_needleleaf,2.770605630402153,1881.714532317273,0.1472383606981149,Rock Kestrel
ed_LCCS1_c11_evergreen_needleleaf,2.648722978172262,1881.714532317273,0.14076114802123793,Rock Kestrel
pland_LCCS1_c15_mixed_broadleaf_needleleaf,1.4883622633888516,1881.714532317273,0.07909607104729002,Rock Kestrel
ed_LCCS1_c15_mixed_broadleaf_needleleaf,1.3028621414728083,1881.714532317273,0.06923803367072762,Rock Kestrel
pland_LCCS3_c27_woody_wetland,0.805870845736621,1881.714532317273,0.04282641345944307,Rock Kestrel
ed_LCCS3_c27_woody_wetland,0.6035501886337649,1881.714532317273,0.03207448198269008,Rock Kestrel
pland_LCCS2_c35_natural_herbaceous_cropland_mosaic,0.5075914361646903,1881.714532317273,0.02697494372536981,Rock Kestrel
ed_LCCS2_c35_natural_herbaceous_cropland_mosaic,0.32509210196394284,1881.714532317273,0.01727637728149986,Rock Kestrel
pland_LCCS3_c51_tundra,0.06745580051215358,1881.714532317273,0.00358480520576539,Rock Kestrel
ed_LCCS3_c51_tundra,0.04153722282720421,1881.714532317273,0.00220741361741264,Rock Kestrel
pland_LCCS1_c02_permanent_snow_ice,0,1881.714532317273,0,Rock Kestrel
ed_LCCS1_c02_permanent_snow_ice,0,1881.714532317273,0,Rock Kestrel
pland_LCCS1_c13_deciduous_needleleaf,0,1881.714532317273,0,Rock Kestrel
ed_LCCS1_c13_deciduous_needleleaf,0,1881.714532317273,0,Rock Kestrel
roads_tertiary_mean,5.195515603016758,54.15459354388667,9.593859473446756,Seychelles Kestrel
elevation_mean,4.339190759334483,54.15459354388667,8.012599625215577,Seychelles Kestrel
pland_ASTWBD_c01_ocean,4.002397939450878,54.15459354388667,7.390689648898113,Seychelles Kestrel
ALAN_mean,3.881217462716167,54.15459354388667,7.1669219704711535,Seychelles Kestrel
day_of_year,3.7199824300593103,54.15459354388667,6.869190933996487,Seychelles Kestrel
effort_hours,3.44377924363882,54.15459354388667,6.359163679897245,Seychelles Kestrel
hours_of_day,3.1043082107936,54.15459354388667,5.732308208126205,Seychelles Kestrel
ed_ASTWBD_c01_ocean,2.969215752907549,54.15459354388667,5.482851146322995,Seychelles Kestrel
roads_secondary_mean,2.8938242562573677,54.15459354388667,5.343635815329725,Seychelles Kestrel
effort_speed_kmph,2.3585469071988596,54.15459354388667,4.355211170198336,Seychelles Kestrel
effort_distance_km,2.2923904586146127,54.15459354388667,4.23304895965449,Seychelles Kestrel
year,1.9021272494125028,54.15459354388667,3.51240241120271,Seychelles Kestrel
ed_LCCS1_c12_evergreen_broadleaf,1.5497192621108775,54.15459354388667,2.8616580066379615,Seychelles Kestrel
pland_LCCS1_c12_evergreen_broadleaf,1.503167653539292,54.15459354388667,2.775697415808561,Seychelles Kestrel
pland_LCCS3_c27_woody_wetland,1.1711643540580448,54.15459354388667,2.1626316022646126,Seychelles Kestrel
ed_LCCS1_c21_open_forest,1.1288436175653938,54.15459354388667,2.084483593530406,Seychelles Kestrel
ed_LCCS3_c27_woody_wetland,1.0858036618367064,54.15459354388667,2.0050074994225104,Seychelles Kestrel
pland_LCCS1_c21_open_forest,0.9331841620088952,54.15459354388667,1.7231856079810597,Seychelles Kestrel
ed_LCCS1_c31_dense_herbaceous,0.8889565465772326,54.15459354388667,1.6415164225299292,Seychelles Kestrel
ed_LCCS3_c50_herbaceous_wetland,0.8841123142157635,54.15459354388667,1.6325712305444269,Seychelles Kestrel
number_observers,0.8326280804815145,54.15459354388667,1.5375022246390897,Seychelles Kestrel
pland_LCCS1_c31_dense_herbaceous,0.8281202595377469,54.15459354388667,1.5291782383458228,Seychelles Kestrel
pland_LCCS3_c50_herbaceous_wetland,0.76296169858931,54.15459354388667,1.4088586926075046,Seychelles Kestrel
pland_LCCS1_c01_barren,0.4728962282702644,54.15459354388667,0.8732338243606816,Seychelles Kestrel
ed_LCCS1_c01_barren,0.4231935299219506,54.15459354388667,0.7814545401010095,Seychelles Kestrel
pland_LCCS1_c11_evergreen_needleleaf,0.35678427664040924,54.15459354388667,0.658825509144063,Seychelles Kestrel
ed_LCCS1_c22_sparse_forest,0.3109602162240778,54.15459354388667,0.5742083835825983,Seychelles Kestrel
ed_LCCS1_c11_evergreen_needleleaf,0.2554843604263157,54.15459354388667,0.4717685863882852,Seychelles Kestrel
pland_LCCS1_c22_sparse_forest,0.2475612493669525,54.15459354388667,0.4571380434539312,Seychelles Kestrel
pland_LCCS1_c32_sparse_herbaceous,0.21130889979187503,54.15459354388667,0.39019570818241134,Seychelles Kestrel
ed_LCCS1_c32_sparse_herbaceous,0.20494793451983304,54.15459354388667,0.3784497696464918,Seychelles Kestrel
pland_LCCS1_c14_deciduous_broadleaf,2.9896480331262864e-4,54.15459354388667,5.520580688512576e-4,Seychelles Kestrel
pland_LCCS1_c02_permanent_snow_ice,0,54.15459354388667,0,Seychelles Kestrel
ed_LCCS1_c02_permanent_snow_ice,0,54.15459354388667,0,Seychelles Kestrel
pland_LCCS1_c13_deciduous_needleleaf,0,54.15459354388667,0,Seychelles Kestrel
ed_LCCS1_c13_deciduous_needleleaf,0,54.15459354388667,0,Seychelles Kestrel
ed_LCCS1_c14_deciduous_broadleaf,0,54.15459354388667,0,Seychelles Kestrel
pland_LCCS1_c15_mixed_broadleaf_needleleaf,0,54.15459354388667,0,Seychelles Kestrel
ed_LCCS1_c15_mixed_broadleaf_needleleaf,0,54.15459354388667,0,Seychelles Kestrel
pland_LCCS1_c16_mixed_broadleaf_evergreen_deciduous,0,54.15459354388667,0,Seychelles Kestrel
ed_LCCS1_c16_mixed_broadleaf_evergreen_deciduous,0,54.15459354388667,0,Seychelles Kestrel
pland_LCCS1_c41_dense_shrubland,0,54.15459354388667,0,Seychelles Kestrel
ed_LCCS1_c41_dense_shrubland,0,54.15459354388667,0,Seychelles Kestrel
pland_LCCS1_c42_shrubland_grassland_mosaic,0,54.15459354388667,0,Seychelles Kestrel
ed_LCCS1_c42_shrubland_grassland_mosaic,0,54.15459354388667,0,Seychelles Kestrel
pland_LCCS1_c43_sparse_shrubland,0,54.15459354388667,0,Seychelles Kestrel
ed_LCCS1_c43_sparse_shrubland,0,54.15459354388667,0,Seychelles Kestrel
pland_LCCS2_c25_forest_cropland_mosaic,0,54.15459354388667,0,Seychelles Kestrel
ed_LCCS2_c25_forest_cropland_mosaic,0,54.15459354388667,0,Seychelles Kestrel
pland_LCCS2_c35_natural_herbaceous_cropland_mosaic,0,54.15459354388667,0,Seychelles Kestrel
ed_LCCS2_c35_natural_herbaceous_cropland_mosaic,0,54.15459354388667,0,Seychelles Kestrel
pland_LCCS2_c36_herbaceous_cropland,0,54.15459354388667,0,Seychelles Kestrel
ed_LCCS2_c36_herbaceous_cropland,0,54.15459354388667,0,Seychelles Kestrel
pland_LCCS3_c51_tundra,0,54.15459354388667,0,Seychelles Kestrel
ed_LCCS3_c51_tundra,0,54.15459354388667,0,Seychelles Kestrel
pland_ASTWBD_c02_river,0,54.15459354388667,0,Seychelles Kestrel
ed_ASTWBD_c02_river,0,54.15459354388667,0,Seychelles Kestrel
pland_ASTWBD_c03_lake,0,54.15459354388667,0,Seychelles Kestrel
ed_ASTWBD_c03_lake,0,54.15459354388667,0,Seychelles Kestrel
roads_highways_mean,0,54.15459354388667,0,Seychelles Kestrel
roads_primary_mean,0,54.15459354388667,0,Seychelles Kestrel
roads_local_mean,0,54.15459354388667,0,Seychelles Kestrel
ALAN_mean,35.46812835075307,379.6468148653864,9.342401137575514,Spotted Kestrel
effort_hours,27.19352674103883,379.6468148653864,7.162848646756329,Spotted Kestrel
roads_secondary_mean,25.96166298305953,379.6468148653864,6.838372394159268,Spotted Kestrel
elevation_mean,24.969571349220313,379.6468148653864,6.577052768919955,Spotted Kestrel
roads_local_mean,22.510428727363628,379.6468148653864,5.9293079372588124,Spotted Kestrel
roads_tertiary_mean,19.75220470061787,379.6468148653864,5.202784252943495,Spotted Kestrel
effort_distance_km,18.880229985290043,379.6468148653864,4.973103749595401,Spotted Kestrel
day_of_year,18.873900090861707,379.6468148653864,4.971436438246936,Spotted Kestrel
hours_of_day,17.643296628828605,379.6468148653864,4.647292151017911,Spotted Kestrel
effort_speed_kmph,14.587107056183978,379.6468148653864,3.842283534330773,Spotted Kestrel
roads_primary_mean,12.979096547592578,379.6468148653864,3.418729208144325,Spotted Kestrel
number_observers,12.754827055947493,379.6468148653864,3.359656016202861,Spotted Kestrel
pland_LCCS1_c12_evergreen_broadleaf,12.752019682408074,379.6468148653864,3.3589165464036967,Spotted Kestrel
pland_LCCS1_c21_open_forest,11.163632951863788,379.6468148653864,2.940531176541582,Spotted Kestrel
pland_ASTWBD_c01_ocean,10.624146826989648,379.6468148653864,2.7984290690695546,Spotted Kestrel
year,9.317614550534934,379.6468148653864,2.454284926330472,Spotted Kestrel
ed_LCCS1_c21_open_forest,8.114882946573383,379.6468148653864,2.137482162059156,Spotted Kestrel
ed_ASTWBD_c01_ocean,7.971476832485098,379.6468148653864,2.0997086029318037,Spotted Kestrel
ed_LCCS1_c12_evergreen_broadleaf,7.515259245470762,379.6468148653864,1.9795396540164552,Spotted Kestrel
pland_LCCS1_c22_sparse_forest,7.147454373344042,379.6468148653864,1.882658853829277,Spotted Kestrel
ed_LCCS1_c22_sparse_forest,6.432115953375715,379.6468148653864,1.694236775213401,Spotted Kestrel
pland_LCCS2_c25_forest_cropland_mosaic,5.260640233441985,379.6468148653864,1.385666895508469,Spotted Kestrel
ed_LCCS2_c25_forest_cropland_mosaic,5.123405580656208,379.6468148653864,1.3495189160148346,Spotted Kestrel
pland_LCCS1_c31_dense_herbaceous,4.9100313732097085,379.6468148653864,1.2933155714609872,Spotted Kestrel
ed_LCCS1_c31_dense_herbaceous,4.90094182717043,379.6468148653864,1.2909213603986605,Spotted Kestrel
ed_LCCS2_c36_herbaceous_cropland,2.8264558302617906,379.6468148653864,0.7444961262914805,Spotted Kestrel
pland_LCCS2_c36_herbaceous_cropland,2.7594899222828464,379.6468148653864,0.7268571246307689,Spotted Kestrel
ed_LCCS3_c27_woody_wetland,2.541842802195891,379.6468148653864,0.669528283306464,Spotted Kestrel
pland_LCCS3_c27_woody_wetland,2.4650180538215416,379.6468148653864,0.6492924363649877,Spotted Kestrel
pland_ASTWBD_c03_lake,2.066805754023359,379.6468148653864,0.5444022373152789,Spotted Kestrel
ed_ASTWBD_c03_lake,1.832606242889994,379.6468148653864,0.4827134513270688,Spotted Kestrel
pland_LCCS1_c14_deciduous_broadleaf,1.8288693552961153,379.6468148653864,0.4817291450066789,Spotted Kestrel
roads_highways_mean,1.5877521856117631,379.6468148653864,0.41821822900706856,Spotted Kestrel
ed_LCCS1_c14_deciduous_broadleaf,1.5432015636686929,379.6468148653864,0.4064834744408102,Spotted Kestrel
pland_LCCS3_c50_herbaceous_wetland,1.2572525310312668,379.6468148653864,0.33116372423065316,Spotted Kestrel
ed_LCCS1_c11_evergreen_needleleaf,1.1604850370068125,379.6468148653864,0.3056749040337115,Spotted Kestrel
pland_LCCS1_c11_evergreen_needleleaf,0.9381617840314536,379.6468148653864,0.2471143566327833,Spotted Kestrel
ed_LCCS3_c50_herbaceous_wetland,0.9153962665261116,379.6468148653864,0.24111785762003268,Spotted Kestrel
ed_LCCS1_c16_mixed_broadleaf_evergreen_deciduous,0.8553777653699871,379.6468148653864,0.22530882174614936,Spotted Kestrel
pland_LCCS1_c16_mixed_broadleaf_evergreen_deciduous,0.7570823684819532,379.6468148653864,0.19941754779383472,Spotted Kestrel
ed_LCCS1_c32_sparse_herbaceous,0.639349138885601,379.6468148653864,0.1684062960233971,Spotted Kestrel
pland_LCCS1_c32_sparse_herbaceous,0.3593667740403886,379.6468148653864,0.09465818228128987,Spotted Kestrel
ed_LCCS1_c01_barren,0.26588363801810283,379.6468148653864,0.07003447088378148,Spotted Kestrel
pland_LCCS1_c01_barren,0.20241691022063463,379.6468148653864,0.05331716276676963,Spotted Kestrel
ed_ASTWBD_c02_river,0.01647554413518931,379.6468148653864,0.00433970297921007,Spotted Kestrel
pland_ASTWBD_c02_river,0.0087027861027861,379.6468148653864,0.00229233744681142,Spotted Kestrel
ed_LCCS1_c13_deciduous_needleleaf,0.00383333333333333,379.6468148653864,0.00100971038956103,Spotted Kestrel
pland_LCCS1_c15_mixed_broadleaf_needleleaf,0.00306994535519125,379.6468148653864,8.08631927092495e-4,Spotted Kestrel
ed_LCCS1_c15_mixed_broadleaf_needleleaf,0.00232727272727272,379.6468148653864,6.130099440180793e-4,Spotted Kestrel
pland_LCCS1_c41_dense_shrubland,0.00164522681110358,379.6468148653864,4.333572011362563e-4,Spotted Kestrel
ed_LCCS1_c41_dense_shrubland,3.442389758179232e-4,379.6468148653864,9.067347922831434e-5,Spotted Kestrel
pland_LCCS1_c02_permanent_snow_ice,0,379.6468148653864,0,Spotted Kestrel
ed_LCCS1_c02_permanent_snow_ice,0,379.6468148653864,0,Spotted Kestrel
pland_LCCS1_c13_deciduous_needleleaf,0,379.6468148653864,0,Spotted Kestrel
pland_LCCS1_c42_shrubland_grassland_mosaic,0,379.6468148653864,0,Spotted Kestrel
ed_LCCS1_c42_shrubland_grassland_mosaic,0,379.6468148653864,0,Spotted Kestrel
pland_LCCS1_c43_sparse_shrubland,0,379.6468148653864,0,Spotted Kestrel
ed_LCCS1_c43_sparse_shrubland,0,379.6468148653864,0,Spotted Kestrel
pland_LCCS2_c35_natural_herbaceous_cropland_mosaic,0,379.6468148653864,0,Spotted Kestrel
ed_LCCS2_c35_natural_herbaceous_cropland_mosaic,0,379.6468148653864,0,Spotted Kestrel
pland_LCCS3_c51_tundra,0,379.6468148653864,0,Spotted Kestrel
ed_LCCS3_c51_tundra,0,379.6468148653864,0,Spotted Kestrel
